recipe_name,image_file_1,category,cook_id
Pecan Chicken Casserole,Duped Unfiled_001.png,Casseroles,Fern
Hamburger And Tater-Tot Bake,RECIPE FECW Unfiled_004.png,Casseroles,Fern
Grilled Egg Sandwich,RECIPE FECW Unfiled_005.png,Sandwiches,Fern
Super Bean Bake,RECIPE FECW Unfiled_006.png,Casseroles,Fern
Noodle And Cornbeef Casserole,RECIPE FECW Unfiled_008.png,Casseroles,Fern
Chinese Hamburger Casserole,RECIPE FECW Unfiled_009.png,Casseroles,Fern
Adrienne's Delight,Adriennes Delight 1.png,Appetizer,Fern
Cheese Ball,Cheese Ball 1.png,Appetizer,Fern
Daffodil Dip,Daffodil Dip 1.png,Appetizer,Fern
Mystery Appetizer,Mystery Appetizer 1.png,Appetizer,Fern
Sauerkraut Balls,Sauerkraut Balls 1.png,Appetizer,Fern
Sweet Potato Cheese Ball,Sweet Potato Cheese Ball 1.png,Appetizer,Fern
Tomato Shrimp Cocktail,Tomato Shrimp Cocktail 1.png,Appetizer,Fern
Veg Dip,Veg Dip 1.png,Appetizer,Fern
Veg Pizza,Veg Pizza 1.png,Appetizer,Fern
Zucchini hors d'oeuvre,Zucchini Hors Doeuvre 1.png,Appetizer,Fern
Bishops Haslets Punch,Bishops Haslets Punch.png,Beverages,Fern
Caribbean Cocktail Cooler,Caribbean Cocktail Cooler.png,Beverages,Fern
Cran Raspberry Punch,Cran Raspberry Punch.png,Beverages,Fern
Creamsicle Drink,Creamsicle Drink.png,Beverages,Fern
Delicious Punch,Delicious Punch.png,Beverages,Fern
Hot Chocolate,Hot Chocolate.png,Beverages,Fern
Orange Juice Pineapple,Orange Juice Pineapple.png,Beverages,Fern
Punch for a Crowd,Punch for a Crowd.png,Beverages,Fern
White Christmas Punch,White Christmas Punch.png,Beverages,Fern
Apple Orange Bread,Apple Orange Bread 1.png,Bread,Fern
Apple Walnut Bread,Apple Walnut Bread 1.png,Bread,Fern
Apricot Banana Bread,Apricot Banana Bread 1.png,Bread,Fern
Banana Pineapple Bread,Banana Pineapple Bread 1.png,Bread,Fern
Banana Pineapple Bread 2,Banana Pineapple Bread 2 1.png,Bread,Fern
Berry Mini Breads,Berry Mini Breads 1.png,Bread,Fern
Bran Muffins,Bran Muffins 1.png,Bread,Fern
Bran Muffins 2,Bran Muffins 2 1.png,Bread,Fern
Butter Pecan Bread,Butter Pecan Bread 1.png,Bread,Fern
Carrot Banana Bread,Carrot Banana Bread 1.png,Bread,Fern
Cherry Nut Bread,Cherry Nut Bread 1.png,Bread,Fern
Cinnamon Oatmeal Raisin Bread,Cinnamon Oatmeal Raisin Bread 1.png,Bread,Fern
Cinnamon Rolls,Cinnamon Rolls 1.png,Bread,Fern
Cinnamon Rolls 2 ,Cinnamon Rolls 2 -1.png,Bread,Fern
Coconut Bread,Coconut Bread 1.png,Bread,Fern
Cranberry Fruit Nut Bread,Cranberry Fruit Nut Bread 1.png,Bread,Fern
Cranberry Nut Bread,Cranberry Nut Bread.png,Bread,Fern
GIFT OF THE MAGI BREAD,GIFT OF THE MAGI BREAD.png,Bread,Fern
Hamburger Buns,Hamburger Buns 1.png,Bread,Fern
Honey Nut Sticky Buns,hnsb.png,Bread,Fern
Irish Soda Bread,Irish Soda Bread 1.png,Bread,Fern
Lemon Loaf,Lemon Loaf 1.png,Bread,Fern
Lemony Zucchini Bread ,Lemony Zucchini Bread -1.png,Bread,Fern
Les Poppy Seed Cake,Les Poppy Seed Cake 1.png,Bread,Fern
Mystery No Knead Bread,No Knead.png,Bread,Fern
Old Fashion Walnut Streusel Bread,Old Fashion Walnut Strussel Bread 1.png,Bread,Fern
Orange Rolls,OR.png,Bread,Fern
Orange Buttermilk Muffins,Orange Buttermilk Muffins 1.png,Bread,Fern
Orange Nut Bran Bread,Orange Nut Bran Bread 1.png,Bread,Fern
Orange Walnut Bread,Orange Walnut Bread 1.png,Bread,Fern
Peanut Butter Pumpkin Bread,Peanut Butter Pumplin Bread 1.png,Bread,Fern
Pineapple Cookies,Pineapple Cookies 1.png,Bread,Fern
Pineapple Pecan Loaf,Pineapple Pecan Loaf 1.png,Bread,Fern
Pumpkin Bread,Pumpkin Bread 1.png,Bread,Fern
Rhubarb Muffins,Rhubarb Muffins 1.png,Bread,Fern
Sabbath Day Rolls,Sabbath Day Rolls 1.png,Bread,Fern
Southwestern Savory Muffins,Southwestern Savory Muffins 1.png,Bread,Fern
Spicy Pineapple Zucchini Bread,Spicy Pineapple Zuchinni Bread 1.png,Bread,Fern
Sugar Plum Tree,Sugar Plum Tree 1.png,Bread,Fern
Whole Wheat Pancakes or Waffles,Whole Wheat Pancakes or Waffles 1.png,Bread,Fern
Wholewheat Bread,Wholewheat Bread 1.png,Bread,Fern
Zucchini Pancakes (2),zcp2.png,Bread,Fern
Zucchini Bread,Zucchini Bread 1.png,Bread,Fern
Zucchini Pancakes,Zucchini Pancakes 1.png,Bread,Fern
Zucchini Pineapple Bread,Zucchini Pineapple Bread 1.png,Bread,Fern
Christmas Blondies,18.png,Cakes,Fern
Never Fail Or Seven Minute Icing,20.png,Cakes,Fern
Fluffy White Frosting,22.png,Cakes,Fern
Texas Sheet Cake,24.png,Cakes,Fern
Poppyseed Bundt Cake,26.png,Cakes,Fern
Upside-Down Raspberry Cake,28.png,Cakes,Fern
Peach Poundcake,30.png,Cakes,Fern
Milk Chocolate Bundt Cake,32.png,Cakes,Fern
Buttermilk Cocoa Cake,34.png,Cakes,Fern
Fudgy Chocolate Cherry Layered Cake,41.png,Cakes,Fern
Pumpkin Sheet Cake,RECIPE CS08032023202601_001.png,Cakes,Fern
Chocolate Cookie Torte,RECIPE CS08032023202601_002.png,Cakes,Fern
Poundcake Ring,RECIPE CS08032023202601_003.png,Cakes,Fern
Pineapple Poundcake,RECIPE CS08032023202602_001 - Copy.png,Cakes,Fern
Turtle Sunday Dessert,RECIPE CS08032023202602_002.png,Cakes,Fern
Pancakes,RECIPE CS08032023204929_001.png,Cakes,Fern
Sheet Cake Recipes,RECIPE FECW_001.png,Cakes,Fern
Sheet Cake Recipes (2),RECIPE FECW_002.png,Cakes,Fern
Pumpkin Raisin Cake,RECIPE FECW_003.png,Cakes,Fern
Sour Cream Chocolate Frosting,RECIPE FECW_004.png,Cakes,Fern
Yellow Cake Mix Creation,RECIPE FECW_005.png,Cakes,Fern
Peppermint Ice Cream Cake,RECIPE FECW_006.png,Cakes,Fern
Chocolate Zucchini Cake,RECIPE FECW_007.png,Cakes,Fern
Banana Split Snack Cake,RECIPE FECW_008.png,Cakes,Fern
Banana Upside Down Cake,RECIPE FECW_009.png,Cakes,Fern
Orange Zucchini Cake,RECIPE FECW_010.png,Cakes,Fern
Barry Glaze Chocolate Cake,RECIPE FECW_011.png,Cakes,Fern
Apple Walnut Harvest Cake,RECIPE FECW_012.png,Cakes,Fern
Celebrity Hummingbird Cake,RECIPE FECW_013.png,Cakes,Fern
Butter Pecan Cake,RECIPE FECW_014.png,Cakes,Fern
Holiday Brownies,RECIPE FECW_015.png,Cakes,Fern
Boiled Raisin Cake,RECIPE FECW_016.png,Cakes,Fern
Boiled Raisin Cake 2,RECIPE FECW_017.png,Cakes,Fern
Cake Mix Derivations,RECIPE FECW_036.png,Cakes,Fern
Cake Mix Derivations 2,RECIPE FECW_037.png,Cakes,Fern
Chocoholic Cake,RECIPE FECW_038.png,Cakes,Fern
Pumpkin Cake,RECIPE FECW_039.png,Cakes,Fern
Peaches And Cream Torte ,RECIPE FECW_042.png,Cakes,Fern
German Chocolate Cake Mix,RECIPE FECW_043.png,Cakes,Fern
Crumb Cake,RECIPE FECW_044.png,Cakes,Fern
Buttery Almond Crunch,Buttery Almond Crunch.png,Candy,Fern
Cadbury Eggs,Cadbury Eggs.png,Candy,Fern
Candied Nuts,Candied Nuts.png,Candy,Fern
Candy Bar Bars,Candy Bar Bars.png,Candy,Fern
Candy Eggs,Candy Eggs.png,Candy,Fern
Caramel Marshmallows,Caramel Marshmallows.png,Candy,Fern
Caramel Popcorn,Caramel Popcorn.png,Candy,Fern
Carmel Corn,Carmel Corn.png,Candy,Fern
Cashew Caramel Fudge,Cashew Caramel Fudge.png,Candy,Fern
Cathedral Windows,Cathedral Windows.png,Candy,Fern
Chocolate Pecan Caramels,Chocolate Pecan Caramels.png,Candy,Fern
Chocolate Truffles (2),Chocolate Truffles No 2.png,Candy,Fern
Chocolate Truffles,Chocolate Truffles.png,Candy,Fern
Corn Pops,Corn Pops.png,Candy,Fern
Cow Pies,Cow Pies.png,Candy,Fern
Easter Eggs,Easter Eggs.png,Candy,Fern
English Toffee,English Toffee.png,Candy,Fern
Nestle Recipes,Nestle Recipes.png,Candy,Fern
Never Fail Divinity,Never Fail Divinity.png,Candy,Fern
Nutty Chocolate Marshmallow Cups,Nutty Chocolate Marshmallow Cups.png,Candy,Fern
PECAN DELIGHTS,PECAN DELIGHTS.png,Candy,Fern
Philly Nuggets and Bonbons,Philly Nuggets and Bonbons.png,Candy,Fern
Rice Krispies Caramel Marshmallows,Rice Krispies Caramel Marshmallows.png,Candy,Fern
Saltine Candy,Saltine Candy.png,Candy,Fern
See's Fudge,Sees Fudge.png,Candy,Fern
Smores Bars,Smores Bars.png,Candy,Fern
Spiced Popcorn,Spiced Popcorn.png,Candy,Fern
Sugared Walnuts,Sugared Walnuts.png,Candy,Fern
Ultimate Chocolate Dip,Ultimate Chocolate Dip.png,Candy,Fern
Peach Raspberry Jam,RECIPE FECW_046.png,Canning,Fern
Dill Pickles,RECIPE FECW_047.png,Canning,Fern
Plum Conserve,RECIPE FECW_048.png,Canning,Fern
Mustard Pickles,RECIPE FECW_049.png,Canning,Fern
Chili Sauce,RECIPE FECW_050.png,Canning,Fern
Peach Raspberry Jam #2,RECIPE FECW_051.png,Canning,Fern
Pickled Beets,RECIPE FECW_053.png,Canning,Fern
Crisp Pickle Slices,RECIPE FECW_054.png,Canning,Fern
Salsa,RECIPE FECW_055.png,Canning,Fern
Chili Sauce #2,RECIPE FECW_057.png,Canning,Fern
Lasagne,fff 1.png,Casseroles,Fern
Chinese Sundae,ffg 1.png,Casseroles,Fern
Private Eye Pie,ffh 1.png,Casseroles,Fern
Jack Pot Casserole,JAck Pot Casserole.png,Casseroles,Fern
Pepperoni Pizza Chili,PPC.png,Casseroles,Fern
Tuna-Lima Bean Casserole,RECIPE CS Casseroles09302023172443_001.png,Casseroles,Fern
Spam And Rice Casserole,RECIPE FECW casseroles_022.png,Casseroles,Fern
Zucchini Rice With Sausage,RECIPE FECW casseroles_025.png,Casseroles,Fern
Tuna Casserole,RECIPE FECW casseroles_028.png,Casseroles,Fern
Meat Patties,RECIPE FECW casseroles_031.png,Casseroles,Fern
Meal Casserole,RECIPE FECW casseroles_032.png,Casseroles,Fern
Zingy Zucchini Casserole,RECIPE FECW casseroles_035.png,Casseroles,Fern
Pot Pie,RECIPE FECW casseroles_038.png,Casseroles,Fern
Stroganoff,RECIPE FECW casseroles_039.png,Casseroles,Fern
Frank's Burritos,RECIPE FECW casseroles_040.png,Casseroles,Fern
Meat Balls,RECIPE FECW casseroles_041.png,Casseroles,Fern
Creamy Spam And Broccoli Casserole,RECIPE FECW casseroles_042.png,Casseroles,Fern
Hamburger-Corn Bake,RECIPE FECW casseroles_043.png,Casseroles,Fern
Corn And Potato Casserole,RECIPE FECW casseroles_044.png,Casseroles,Fern
Creamy Meatballs And Potatoes,RECIPE FECW casseroles_045.png,Casseroles,Fern
Spaghetti Casserole,RECIPE FECW casseroles_046.png,Casseroles,Fern
Ground Beef And Vegetables Over Rice,RECIPE FECW casseroles_047.png,Casseroles,Fern
Six Veggie Casserole,RECIPE FECW casseroles_050.png,Casseroles,Fern
Cabbage Casserole,RECIPE FECW casseroles_051.png,Casseroles,Fern
Country Pineapple Casserole,RECIPE FECW casseroles_054.png,Casseroles,Fern
Omelet Biscuit Cups,RECIPE FECW casseroles_055.png,Casseroles,Fern
Scrambled Egg Casserole,RECIPE FECW casseroles_056.png,Casseroles,Fern
Brunch Egg And Cheese And Ham Casserole,RECIPE FECW casseroles_057.png,Casseroles,Fern
Beef And Asparagus Skillet Dinner,RECIPE FECW casseroles_058.png,Casseroles,Fern
Franks 'N' Beans Supper,RECIPE FECW casseroles_059.png,Casseroles,Fern
Philippine Fried Rice,RECIPE FECW casseroles_060.png,Casseroles,Fern
Smoke Sausage And Beans,RECIPE FECW casseroles_061.png,Casseroles,Fern
Mashed Potato Sausage Bake,RECIPE FECW casseroles_062.png,Casseroles,Fern
Sausage Skillet Supper,RECIPE FECW casseroles_063.png,Casseroles,Fern
Apricot Beef Stir-fry,RECIPE FECW casseroles_064.png,Casseroles,Fern
German Macaroni,RECIPE FECW casseroles_065.png,Casseroles,Fern
Ground Beef And Rice Pie ,RECIPE FECW casseroles_066.png,Casseroles,Fern
Eggs Over English Muffins,RECIPE FECW casseroles_067.png,Casseroles,Fern
Skillet Beef And Green Beans,RECIPE FECW casseroles_068.png,Casseroles,Fern
Grandma's Casserole,RECIPE FECW casseroles_070.png,Casseroles,Fern
Lasagne (2),RECIPE FECW casseroles_072.png,Casseroles,Fern
One Step Tamale Pie,RECIPE FECW casseroles_074.png,Casseroles,Fern
Tamale Skillet Meal,RECIPE FECW casseroles_075.png,Casseroles,Fern
Cindy's Diner Garbage Pie,RECIPE FECW casseroles_076.png,Casseroles,Fern
Mexican Taters And Beans,RECIPE FECW casseroles_077.png,Casseroles,Fern
Sunday Brunch Casserole,RECIPE FECW casseroles_078.png,Casseroles,Fern
Beef Nacho Casserole,RECIPE FECW casseroles_079.png,Casseroles,Fern
Lasagna,RECIPE FECW casseroles_082.png,Casseroles,Fern
Easy Pasta Skillet,RECIPE FECW casseroles_085.png,Casseroles,Fern
Cheesy Chicken And Broccoli Macaroni,RECIPE FECW casseroles_086.png,Casseroles,Fern
Boiled Dinner,RECIPE FECW casseroles_087.png,Casseroles,Fern
Pineapple Stuffing Casserole,RECIPE FECW casseroles_088.png,Casseroles,Fern
Spaghetti Primavera,RECIPE FECW casseroles_089.png,Casseroles,Fern
Spaghetti Pie,RECIPE FECW casseroles_090.png,Casseroles,Fern
Vegetable Beef Casserole,RECIPE FECW casseroles_091.png,Casseroles,Fern
Tuna Crunch Casserole,RECIPE FECW casseroles_092.png,Casseroles,Fern
Crusty SPAMbake,RECIPE FECW casseroles_093.png,Casseroles,Fern
Lasagna Roll-Ups,RECIPE FECW casseroles_094.png,Casseroles,Fern
Chicken Tuna Casserole,RECIPE FECW casseroles_095.png,Casseroles,Fern
Beef And Cabbage Taco Casserole,RECIPE FECW casseroles_096.png,Casseroles,Fern
Chili Spaghetti,RECIPE FECW casseroles_097.png,Casseroles,Fern
Spam Potato Casserole,RECIPE FECW casseroles_098.png,Casseroles,Fern
Butternut Squash Bake,RECIPE FECW casseroles_099.png,Casseroles,Fern
Sweet Potato - Apple Casserole,RECIPE FECW casseroles_100.png,Casseroles,Fern
Savory Spaghetti,RECIPE FECW casseroles_101.png,Casseroles,Fern
Red Beans And Rice,RECIPE FECW casseroles_102.png,Casseroles,Fern
Scallop Potatoes With Ham,Untitled_1.png,Casseroles,Fern
"Macaroni, Zucchini Casserole",Untitled_10.png,Casseroles,Fern
Beef And Bacon Casserole,Untitled_11.png,Casseroles,Fern
Quick Taco Rice,Untitled_12.png,Casseroles,Fern
Busy Day Casserole,Untitled_13.png,Casseroles,Fern
Beef And Bacon Casserole (2),Untitled_14.png,Casseroles,Fern
Quick Taco Bake,Untitled_16.png,Casseroles,Fern
Microwave Tuna Casserole,Untitled_2.png,Casseroles,Fern
Orange Rice Medley,Untitled_3.png,Casseroles,Fern
Sauerkraut Casserole,Untitled_4.png,Casseroles,Fern
Upside Down Pizza,Untitled_5.png,Casseroles,Fern
Sausage Bean Burritos,Untitled_6.png,Casseroles,Fern
Apple Sausage Bake,Untitled_7.png,Casseroles,Fern
Zucchini Lasagna,Untitled_8.png,Casseroles,Fern
Texas Style Spanish Rice,Untitled_9.png,Casseroles,Fern
Pecan Crescent Cookies,CD1.png,Cookies,Fern
Peanut Butter Rolled Oats Clusters,cd10.png,Cookies,Fern
Hershey Brownies,cd11.png,Cookies,Fern
Brown Sugar Chocolate Chip Cookies,cd12.png,Cookies,Fern
Fortune Cookies,cd13.png,Cookies,Fern
Molasses Crinkles Cookies,CD14.png,Cookies,Fern
Jam Cookies,CD15.png,Cookies,Fern
Chocolate Cookies,CD16.png,Cookies,Fern
Peanut Butter Crinkles,CD17.png,Cookies,Fern
Cranberry Oatmeal Cookies,cd2.png,Cookies,Fern
Crispy Butter Cookies,cd3.png,Cookies,Fern
Butterscotch Cashew Bars,cd4.png,Cookies,Fern
Banana Oatmeal Cookies,CD5.png,Cookies,Fern
Chocolate Oat Squares,cd6.png,Cookies,Fern
Cream Cheese Finger Cookies,cd7.png,Cookies,Fern
Frosted Banana Bars,cd8.png,Cookies,Fern
Sugar Cookies,cd9.png,Cookies,Fern
Banana Split Sundae Cookies,RECIPE CS09282023170227_001.png,Cookies,Fern
Chocolate-Mint Creme Cookies,RECIPE CS09282023170227_002.png,Cookies,Fern
Lemon Bars,RECIPE CS09282023170228_001.png,Cookies,Fern
Rocky Roads,RECIPE CS09282023170228_002.png,Cookies,Fern
Buttermilk Chocolate Chip Cookies,RECIPE CS09282023180834_001.png,Cookies,Fern
Leadership,RECIPE FECW cookie_025.png,Cookies,Fern
Danish Tea Drops,RECIPE FECW cookie_030.png,Cookies,Fern
Apple Sauce Cookies,RECIPE FECW cookie_031.png,Cookies,Fern
Lemon Squares (#3),RECIPE FECW cookie_032.png,Cookies,Fern
Chocolate Chip Oatmeal Cookies,RECIPE FECW cookie_039.png,Cookies,Fern
Pumpkin Oatmeal Cookies,RECIPE FECW cookie_040.png,Cookies,Fern
Banana Peanut Buffer Cookies,RECIPE FECW cookie_041.png,Cookies,Fern
Peppermint Cookies,RECIPE FECW cookie_042.png,Cookies,Fern
Joan's Lemonade Cookies,RECIPE FECW cookie_043.png,Cookies,Fern
Sugar Cookies (2),RECIPE FECW cookie_044.png,Cookies,Fern
Raisin Filled Refrigerator Cookies (With Notes),RECIPE FECW cookie_045.png,Cookies,Fern
Brownie In A Mug,RECIPE FECW cookie_046.png,Cookies,Fern
Raisin Filled Refrigerator Cookies,RECIPE FECW cookie_047.png,Cookies,Fern
Oatmeal Fudge Bars,RECIPE FECW cookie_048.png,Cookies,Fern
Picnic Brownies,RECIPE FECW cookie_049.png,Cookies,Fern
Walnut Fruit Squares,RECIPE FECW cookie_050.png,Cookies,Fern
Pudding Sugar Cookies,RECIPE FECW cookie_051.png,Cookies,Fern
Zucchini Granola Cookies,RECIPE FECW cookie_052.png,Cookies,Fern
Butterscotch Pecan Cookies,RECIPE FECW cookie_053.png,Cookies,Fern
Marshmallow Treats & Galaxies,RECIPE FECW cookie_054.png,Cookies,Fern
Rosy Raisin-Nut Cookies,RECIPE FECW cookie_056.png,Cookies,Fern
Sugar Diamonds,RECIPE FECW cookie_057.png,Cookies,Fern
Chocolate Sugar Puff Cookies,RECIPE FECW cookie_058.png,Cookies,Fern
Snickerdoodles,RECIPE FECW cookie_059.png,Cookies,Fern
Cherry Crunch Cookies,RECIPE FECW cookie_061.png,Cookies,Fern
Carrot Cookies,RECIPE FECW cookie_062.png,Cookies,Fern
Chocolate Walnut Squares,RECIPE FECW cookie_063.png,Cookies,Fern
Peaches 'N' Cream Bars,RECIPE FECW cookie_064.png,Cookies,Fern
Lemon Bars (#2),RECIPE FECW cookie_065.png,Cookies,Fern
Chocolate Chip Cookies,RECIPE FECW cookie_066.png,Cookies,Fern
Chocolate Sugar Puff Cookies (Handwritten),RECIPE FECW cookie_067.png,Cookies,Fern
Fruit Drops,RECIPE FECW cookie_068.png,Cookies,Fern
Brownies,RECIPE FECW cookie_070.png,Cookies,Fern
Butter Scotch Squares,RECIPE FECW cookie_071.png,Cookies,Fern
Choco-Marshmallow Cookies,RECIPE FECW cookie_072.png,Cookies,Fern
Zesty Italian Dressing,CID.png,Dressings_Dips,Fern
Mustard Ham Sauce,Duped dressings dips_001.png,Dressings_Dips,Fern
Dressing,Duped dressings dips_003.png,Dressings_Dips,Fern
Fruit Dip,RECIPE FECW dressings dips_005.png,Dressings_Dips,Fern
Munching Onion Spread,RECIPE FECW dressings dips_006.png,Dressings_Dips,Fern
Shrimp Dip,RECIPE FECW dressings dips_007.png,Dressings_Dips,Fern
Cherry Chiffon Dessert,a1.png,Frozen_Desserts,Fern
Warm Cherry Puff,a2.png,Frozen_Desserts,Fern
Midway Mud Pie,a3.png,Frozen_Desserts,Fern
Easy Cheesecakes,a4.png,Frozen_Desserts,Fern
Lemon Pie,RECIPE FECW Frozen Desserts_001.png,Frozen_Desserts,Fern
Icebox Dessert,RECIPE FECW Frozen Desserts_002.png,Frozen_Desserts,Fern
Old-Fashioned Rice Pudding,RECIPE FECW Frozen Desserts_003.png,Frozen_Desserts,Fern
Lemon Sauce,RECIPE FECW Frozen Desserts_004.png,Frozen_Desserts,Fern
Butterscotch Pecan Dessert,RECIPE FECW Frozen Desserts_005.png,Frozen_Desserts,Fern
Cherry Nut Putting,RECIPE FECW Frozen Desserts_006.png,Frozen_Desserts,Fern
Frozen Hawaiian Pie,RECIPE FECW Frozen Desserts_007.png,Frozen_Desserts,Fern
Baked Apple Pudding,RECIPE FECW Frozen Desserts_009.png,Frozen_Desserts,Fern
Applenut Pudding,RECIPE FECW Frozen Desserts_010.png,Frozen_Desserts,Fern
Frosty Chocolate Mousse,RECIPE FECW Frozen Desserts_011.png,Frozen_Desserts,Fern
Piecrust,RECIPE FECW Frozen Desserts_012.png,Frozen_Desserts,Fern
Pecan Pumpkin Dessert,RECIPE FECW Frozen Desserts_013.png,Frozen_Desserts,Fern
Peppermint Fluff,RECIPE FECW Frozen Desserts_014.png,Frozen_Desserts,Fern
Apple Crisp,RECIPE FECW Frozen Desserts_015.png,Frozen_Desserts,Fern
Raspberry Cheesecake,RECIPE FECW Frozen Desserts_016.png,Frozen_Desserts,Fern
Peach Cobbler,RECIPE FECW Frozen Desserts_017.png,Frozen_Desserts,Fern
Hot Fudge Sauce,RECIPE FECW Frozen Desserts_018.png,Frozen_Desserts,Fern
Ice Cream Sundae Dessert,RECIPE FECW Frozen Desserts_019.png,Frozen_Desserts,Fern
Dorothy's Jello Dessert,RECIPE FECW Frozen Desserts_021.png,Frozen_Desserts,Fern
Apple Pancake,RECIPE FECW Frozen Desserts_022.png,Frozen_Desserts,Fern
Date Dessert,RECIPE FECW Frozen Desserts_023.png,Frozen_Desserts,Fern
Chocolate Eclair Pie,RECIPE FECW Frozen Desserts_024.png,Frozen_Desserts,Fern
Peaches And Cream Cheesecake,RECIPE FECW Frozen Desserts_025.png,Frozen_Desserts,Fern
Fruit Pie,RECIPE FECW Frozen Desserts_026.png,Frozen_Desserts,Fern
Cherry Roly-Poly,RECIPE FECW Frozen Desserts_027.png,Frozen_Desserts,Fern
Minty Grasshopper Pie,RECIPE FECW Frozen Desserts_028.png,Frozen_Desserts,Fern
Snowballs,RECIPE FECW Frozen Desserts_029.png,Frozen_Desserts,Fern
Apple Brown Betty,RECIPE FECW Frozen Desserts_030.png,Frozen_Desserts,Fern
Orange Delight,RECIPE FECW Frozen Desserts_031.png,Frozen_Desserts,Fern
Peach And Apple Crisp,RECIPE FECW Frozen Desserts_032.png,Frozen_Desserts,Fern
Fruit Cobbler,RECIPE FECW Frozen Desserts_033.png,Frozen_Desserts,Fern
Strawberry Pie,RECIPE FECW Frozen Desserts_034.png,Frozen_Desserts,Fern
Peppermint Dessert,RECIPE FECW Frozen Desserts_035.png,Frozen_Desserts,Fern
Frosted Banana Bars,RECIPE FECW Frozen Desserts_036.png,Frozen_Desserts,Fern
Peppermint Dessert (2),RECIPE FECW Frozen Desserts_037.png,Frozen_Desserts,Fern
Butterscotch Delight,RECIPE FECW Frozen Desserts_038.png,Frozen_Desserts,Fern
Strawberry Danish Dessert Cheesecake,RECIPE FECW Frozen Desserts_039.png,Frozen_Desserts,Fern
Pumpkin Bars,RECIPE FECW Frozen Desserts_040.png,Frozen_Desserts,Fern
Peach Cobbler (2),RECIPE FECW Frozen Desserts_041.png,Frozen_Desserts,Fern
Pumpkin Surprise Cake,RECIPE FECW Frozen Desserts_042.png,Frozen_Desserts,Fern
Pumpkin Pie Squares,RECIPE FECW Frozen Desserts_043.png,Frozen_Desserts,Fern
Summer Dessert Pizza,RECIPE FECW Frozen Desserts_044.png,Frozen_Desserts,Fern
Peppermint Ice Cream Cake,RECIPE FECW Frozen Desserts_045.png,Frozen_Desserts,Fern
Popcorn Candy Cake,RECIPE FECW Frozen Desserts_046.png,Frozen_Desserts,Fern
Lemon Raisin Bars,RECIPE FECW Frozen Desserts_047.png,Frozen_Desserts,Fern
Pineapple Icebox Pie,RECIPE FECW Frozen Desserts_048.png,Frozen_Desserts,Fern
Cream De Minte,RECIPE FECW Frozen Desserts_049.png,Frozen_Desserts,Fern
Annette's Cheesecake,RECIPE FECW Frozen Desserts_050.png,Frozen_Desserts,Fern
Pumpkin Ice Cream Pie,RECIPE FECW Frozen Desserts_051.png,Frozen_Desserts,Fern
Turtle Pumpkin Pie,RECIPE FECW Frozen Desserts_052.png,Frozen_Desserts,Fern
Easy Peach Cobbler,RECIPE FECW Frozen Desserts_053.png,Frozen_Desserts,Fern
Chocolate Cream Dessert,RECIPE FECW Frozen Desserts_054.png,Frozen_Desserts,Fern
Cookie Mix In A Jar,Duped misc_001.png,Misc,Fern
Windex,RECIPE FECW misc_003.png,Misc,Fern
Original Chex Party Mix Microwave Recipe,RECIPE FECW misc_004.png,Misc,Fern
Pie Crust Shield,RECIPE FECW misc_005.png,Misc,Fern
Strawberry Salsa,RECIPE FECW misc_006.png,Misc,Fern
Pumpkin Seeds,RECIPE FECW misc_007.png,Misc,Fern
Refried Beans,RECIPE FECW misc_008.png,Misc,Fern
Beans And Franks Casserole,RECIPE FECW misc_009.png,Misc,Fern
Play Dough,RECIPE FECW misc_010.png,Misc,Fern
Chocolate Mug Cake,RECIPE FECW misc_012.png,Misc,Fern
Oven Swiss Steak,Duped beef_001.png,Beef,Fern
Italian Meat Loaves,Duped beef_003.png,Beef,Fern
Barbecued London Broil,RECIPE FECW beef_005.png,Beef,Fern
Jeanette's Meatloaf,RECIPE FECW beef_006.png,Beef,Fern
Easy Pleasing Meatloaves,RECIPE FECW beef_007.png,Beef,Fern
Chops With Mushroom Gravy,Duped PORK_001.png,Pork,Fern
Pork Chop Casserole,Duped PORK_003.png,Pork,Fern
Potato Pork Pie,Duped PORK_005.png,Pork,Fern
Spiced Pork Chops,Duped PORK_007.png,Pork,Fern
Broccoli Ham Roll Ups,Duped PORK_009.png,Pork,Fern
Cranberry Pork Chops,Duped PORK_011.png,Pork,Fern
Pork And Apple Supper,Duped PORK_013.png,Pork,Fern
Country Spare Ribs,Duped PORK_015.png,Pork,Fern
Pork Chops O'Brien,Duped PORK_017.png,Pork,Fern
Potato Top Pork Casserole,Duped PORK_019.png,Pork,Fern
Peach Glazed Pork Chops,Duped PORK_021.png,Pork,Fern
Pork Chops And Sweet Potato Gravy,Duped PORK_040.png,Pork,Fern
Asparagus Ham Rolls,RECIPE CS Pork10122023180221_001.png,Pork,Fern
Creamy Ranch Pork Chops And Rice,RECIPE FECW PORK_023.png,Pork,Fern
Peachy Pork Picante,RECIPE FECW PORK_024.png,Pork,Fern
Saucy Twist Pork,RECIPE FECW PORK_025.png,Pork,Fern
Different Twist Pork Stew,RECIPE FECW PORK_027.png,Pork,Fern
Pork And Pasta Skillet Supper,RECIPE FECW PORK_028.png,Pork,Fern
Very Berry Pork Chops,RECIPE FECW PORK_029.png,Pork,Fern
Tortilla Crusted Pork Chops,RECIPE FECW PORK_030.png,Pork,Fern
Spiced Pork Chops (2),RECIPE FECW PORK_031.png,Pork,Fern
Pork Chop Dinner,RECIPE FECW PORK_032.png,Pork,Fern
Quick Ginger Pork,RECIPE FECW PORK_033.png,Pork,Fern
Savory Pork Chops,RECIPE FECW PORK_034.png,Pork,Fern
Pork Chops With Sauerkraut,RECIPE FECW PORK_035.png,Pork,Fern
Paprika Pork Stew,RECIPE FECW PORK_036.png,Pork,Fern
Pork With Apples,RECIPE FECW PORK_037.png,Pork,Fern
Pork Chops,RECIPE FECW PORK_038.png,Pork,Fern
Apricot Ham Steak,RECIPE FECW PORK_039.png,Pork,Fern
Pork Chop Casserole (2),RECIPE FECW PORK_042.png,Pork,Fern
Skillet Pork Chops,RECIPE FECW PORK_043.png,Pork,Fern
Pork Loin With Honey-Mustard Sauce,RECIPE FECW PORK_044.png,Pork,Fern
Original Ranch Pork Chops,RECIPE FECW PORK_045.png,Pork,Fern
Ham With Cherry Sauce,RECIPE FECW PORK_046.png,Pork,Fern
Corny Ham Supper,RECIPE FECW PORK_047.png,Pork,Fern
Herb Skillet Dinner,RECIPE FECW PORK_049.png,Pork,Fern
Pork Chop And Potato Bake,RECIPE FECW PORK_050.png,Pork,Fern
Caramel Apple Pork Chops,RECIPE FECW PORK_051.png,Pork,Fern
Golden Apple And Pork Saute,RECIPE FECW PORK_052.png,Pork,Fern
Ham Loaf,RECIPE FECW PORK_053.png,Pork,Fern
Chicken Breast With Lemon Cream Sauce,Duped poultry_001.png,Poultry,Fern
Chicken Enchiladas,Duped poultry_003.png,Poultry,Fern
Easy Chicken Oriental,Duped poultry_005.png,Poultry,Fern
Scalloped Chicken,Duped poultry_007.png,Poultry,Fern
Orange Walnut Chicken,Duped poultry_009.png,Poultry,Fern
Dill Chicken Salad,Duped poultry_011.png,Poultry,Fern
Sausage Chicken And Asparagus,Duped poultry_013.png,Poultry,Fern
Potluck Chicken Casserole,Duped poultry_015.png,Poultry,Fern
Chicken Stroganoff,Duped poultry_017.png,Poultry,Fern
Turkey Rice Casserole,Duped poultry_019.png,Poultry,Fern
Special Delivery Chicken,Duped poultry_021.png,Poultry,Fern
Crispy Onion Chicken,Duped poultry_023.png,Poultry,Fern
Puff Pastry Chicken,Duped poultry_025.png,Poultry,Fern
Lemon Herb Grilled Chicken,Duped poultry_027.png,Poultry,Fern
Chicken Over Rice,Duped poultry_029.png,Poultry,Fern
Chicken Cacciatore,Duped poultry_031.png,Poultry,Fern
Chicken Noodle Skillet Dinner,Duped poultry_033.png,Poultry,Fern
Apricot Chicken,Duped poultry_035.png,Poultry,Fern
Broccoli And Chicken,Duped poultry_037.png,Poultry,Fern
Chicken And Stuffing Casserole,Duped poultry_039.png,Poultry,Fern
Chicken And Wild Rice,Duped poultry_041.png,Poultry,Fern
Chicken Dinner Divan,Duped poultry_043.png,Poultry,Fern
Arroz Caldo Chicken,Duped poultry_045.png,Poultry,Fern
Chicken Casserole,Duped poultry_047.png,Poultry,Fern
Chicken With Broccoli Curry Sauce,RECIPE FECW poultry_049.png,Poultry,Fern
Chicken And Artichoke Casserole,RECIPE FECW poultry_051.png,Poultry,Fern
Chicken Patties,RECIPE FECW poultry_053.png,Poultry,Fern
Adobo Chicken,RECIPE FECW poultry_054.png,Poultry,Fern
Crockpot Chicken (2),RECIPE FECW poultry_055.png,Poultry,Fern
Crockpot Chicken,RECIPE FECW poultry_056.png,Poultry,Fern
Chicken Enchiladas (2),RECIPE FECW poultry_057.png,Poultry,Fern
Easy Chicken And Rice Casserole,RECIPE FECW poultry_058.png,Poultry,Fern
Garlic And Lemon Roast Chicken,RECIPE FECW poultry_059.png,Poultry,Fern
Three Chicken Recipes Using Bisquick,RECIPE FECW poultry_060.png,Poultry,Fern
Creamy Pesto Chicken And Pasta,RECIPE FECW poultry_061.png,Poultry,Fern
Chicken Sausage Skillet,RECIPE FECW poultry_062.png,Poultry,Fern
Elegant Chicken Salad,RECIPE FECW poultry_063.png,Poultry,Fern
Pecan Chicken With Orange,RECIPE FECW poultry_065.png,Poultry,Fern
Mexican Chicken,RECIPE FECW poultry_067.png,Poultry,Fern
Peachy Chicken,RECIPE FECW poultry_068.png,Poultry,Fern
Peachy Chicken Salad,RECIPE FECW poultry_069.png,Poultry,Fern
Hot Chicken Salad Casserole,RECIPE FECW poultry_070.png,Poultry,Fern
Easy Italian Chicken,RECIPE FECW poultry_071.png,Poultry,Fern
Cranberry Chicken,RECIPE FECW poultry_072.png,Poultry,Fern
Chicken With Dilly Ham Sauce,RECIPE FECW poultry_073.png,Poultry,Fern
Chicken Bean Casserole,RECIPE FECW poultry_074.png,Poultry,Fern
Onion Chicken Stuffing Bake,RECIPE FECW poultry_075.png,Poultry,Fern
Chicken Veggie Casserole,RECIPE FECW poultry_076.png,Poultry,Fern
Chicken Picante,RECIPE FECW poultry_080.png,Poultry,Fern
7-Up Chicken,RECIPE FECW poultry_081.png,Poultry,Fern
Vermont Curry,RECIPE FECW poultry_082.png,Poultry,Fern
Crunchy Onion Chicken,RECIPE FECW poultry_083.png,Poultry,Fern
Chicken And Vegetable Casserole,RECIPE FECW poultry_084.png,Poultry,Fern
Chicken Dressing Casserole,RECIPE FECW poultry_086.png,Poultry,Fern
Turkey Pies With Cheese Pastry,RECIPE FECW poultry_087.png,Poultry,Fern
Swiss And Chicken Casserole,RECIPE FECW poultry_088.png,Poultry,Fern
Cantaloupe With Chicken Salad,RECIPE FECW poultry_089.png,Poultry,Fern
Savory Cranberry Turkey Casserole,RECIPE FECW poultry_090.png,Poultry,Fern
Chicken Stuffing Casserole,RECIPE FECW poultry_091.png,Poultry,Fern
Chinese Sunday,RECIPE FECW poultry_092.png,Poultry,Fern
Mexican Chicken Casserole,RECIPE FECW poultry_093.png,Poultry,Fern
Turkey Casserole,RECIPE FECW poultry_094.png,Poultry,Fern
Chicken With Bacon,RECIPE FECW poultry_095.png,Poultry,Fern
Broccoli Turkey Casserole,RECIPE FECW poultry_096.png,Poultry,Fern
Peach Chicken Bake,RECIPE FECW poultry_097.png,Poultry,Fern
Tex-Mex Soup,RECIPE FECW poultry_098.png,Poultry,Fern
Fruit Chicken Salad,RECIPE FECW poultry_099.png,Poultry,Fern
Swiss Cheese Chicken,RECIPE FECW poultry_100.png,Poultry,Fern
Curry Chicken With Couscous,RECIPE FECW poultry_101.png,Poultry,Fern
Italian Skillet Mushroom And Chicken Stew,RECIPE FECW poultry_102.png,Poultry,Fern
Turkey And Stuffing Bake,RECIPE FECW poultry_103.png,Poultry,Fern
Baked Pineapple Chicken,RECIPE FECW poultry_104.png,Poultry,Fern
Chicken With Zucchini And Tomatoes,RECIPE FECW poultry_105.png,Poultry,Fern
Crispy Garlic Chicken,RECIPE FECW poultry_106.png,Poultry,Fern
Chicken Asparagus Pasta Supper,RECIPE FECW poultry_107.png,Poultry,Fern
Hot Chicken Salad,RECIPE FECW poultry_108.png,Poultry,Fern
Tex-Mex Skillet,RECIPE FECW poultry_109.png,Poultry,Fern
Salmon Stuffed Pita Bread,Duped seafood_001.png,Seafood,Fern
Tuna Casserole,Duped seafood_003.png,Seafood,Fern
Seafood Stuffed Tomatoes,Duped seafood_005.png,Seafood,Fern
Tuna Cashew Casserole,RECIPE FECW seafood_007.png,Seafood,Fern
Shrimp Casserole,RECIPE FECW seafood_008.png,Seafood,Fern
Hurry Tuna Curry,RECIPE FECW seafood_009.png,Seafood,Fern
Avo-Tuna Bake,RECIPE FECW seafood_010.png,Seafood,Fern
Favorite Tuna Casserole,RECIPE FECW seafood_011.png,Seafood,Fern
Salmon Cucumber Sandwich,RECIPE FECW seafood_012.png,Seafood,Fern
Seven Seas Casserole,RECIPE FECW seafood_013.png,Seafood,Fern
Crab Dip,RECIPE FECW seafood_014.png,Seafood,Fern
Tuna Vegetable Supper,RECIPE FECW seafood_016.png,Seafood,Fern
Dilly Tuna And Vegetable Toss,RECIPE FECW seafood_017.png,Seafood,Fern
Lemony Salmon Patties,RECIPE FECW seafood_018.png,Seafood,Fern
Tuna Triangles,RECIPE FECW seafood_019.png,Seafood,Fern
Macaroni And Shrimp Salad,RECIPE FECW seafood_020.png,Seafood,Fern
Seven Layer Salmon Salad,RECIPE FECW seafood_021.png,Seafood,Fern
Layered Salmon And Vegetable Main Dish Salad,RECIPE FECW seafood_022.png,Seafood,Fern
Avocado Salad Bowl,asb.png,Salad,Fern
Colorful Vegetable Slaw,CVS.png,Salad,Fern
Better Than Potato Salad,Duped mostly fruit salads_001.png,Salad,Fern
Lemon Rice Salad,Duped mostly fruit salads_003.png,Salad,Fern
Grandma's Gelatin Fruit Salad,Duped mostly fruit salads_005.png,Salad,Fern
Seven Fruit Salad,Duped mostly fruit salads_007.png,Salad,Fern
Frozen Cranberry Banana Salad,Duped mostly fruit salads_009.png,Salad,Fern
Raspberry Gelatin Ring,Duped mostly fruit salads_011.png,Salad,Fern
Picnic Rice Salad,Duped mostly fruit salads_013.png,Salad,Fern
Peachy Applesauce Mold,Duped salad_001.png,Salad,Fern
Oriental Delight Salad,Duped salad_003.png,Salad,Fern
Tomato Aspic Salad,Duped salad_006.png,Salad,Fern
Hawaiian Salad,Duped salad_008.png,Salad,Fern
Copper Pennies,Duped salad_010.png,Salad,Fern
Frozen Pink Champagne Salad,Duped salad_012.png,Salad,Fern
Instant Fruit Salad,Duped salad_014.png,Salad,Fern
Holiday Ribbon Gelatin,Duped salad_016.png,Salad,Fern
Chilled Rice Salad,Duped salad_020.png,Salad,Fern
Pasta Salad,RECIPE CS note card10132023133237_001.png,Salad,Fern
South Of The Border Salad,RECIPE CS note card10132023133237_002.png,Salad,Fern
Fluffy Fruit Salad,RECIPE CS note card10132023133237_003.png,Salad,Fern
Springtime Pasta Salad,RECIPE CS note card10132023133237_004.png,Salad,Fern
Cucumber And Avocado Salad,RECIPE CS note card10132023133237_005.png,Salad,Fern
Raspberry Jell-O With Sour Cream And Marshmallows,RECIPE CS note card10132023133237_007.png,Salad,Fern
Oriental Style Orange Slaw,RECIPE CS note card10132023133238_001.png,Salad,Fern
Festive Cranberry Salad,RECIPE CS note card10132023133238_002.png,Salad,Fern
Layered Jell-O Salad,RECIPE CS note card10132023133238_003.png,Salad,Fern
Cranberry Salad,RECIPE CS note card10132023133238_004.png,Salad,Fern
Cinnamon Candy Salad,RECIPE FECW mostly fruit salads_015.png,Salad,Fern
Frozen Salad,RECIPE FECW mostly fruit salads_016.png,Salad,Fern
Fruit Salad,RECIPE FECW salad_005.png,Salad,Fern
Overnight Salad For Eight,RECIPE FECW salad_024.png,Salad,Fern
Fruit Salad (2),RECIPE FECW salad_025.png,Salad,Fern
Cookie Salad,RECIPE FECW salad_026.png,Salad,Fern
Frozen Jell-O Ice Cream Salad,RECIPE FECW salad_027.png,Salad,Fern
Fruit Salad (3),RECIPE FECW salad_028.png,Salad,Fern
Pineapple Cheese Salad,RECIPE FECW salad_029.png,Salad,Fern
Cranberry Jell-O Salad,RECIPE FECW salad_030.png,Salad,Fern
Jell-O Salad,RECIPE FECW salad_031.png,Salad,Fern
Reunion Salad,RECIPE FECW salad_033.png,Salad,Fern
Shell Macaroni,RECIPE FECW salad_035.png,Salad,Fern
Pineapple Cheese Salad (2),RECIPE FECW salad_036.png,Salad,Fern
Taco Salad For A Brunch,RECIPE FECW salad_037.png,Salad,Fern
Macaroni Salad,RECIPE FECW salad_038.png,Salad,Fern
Three Salad Recipes,RECIPE FECW salad_039.png,Salad,Fern
Rainbow Pasta Salad,RECIPE FECW salad_040.png,Salad,Fern
Sweet Potato Salad,RECIPE FECW salad_041.png,Salad,Fern
Lemon Couscous Salad,RECIPE FECW salad_042.png,Salad,Fern
Bean Salad,RECIPE FECW salad_043.png,Salad,Fern
Tuna Pasta Salad,RECIPE FECW salad_044.png,Salad,Fern
Tomato Bean Salad,RECIPE FECW salad_045.png,Salad,Fern
Italian Tuna Walnut Toss,RECIPE FECW salad_046.png,Salad,Fern
Fruit Salad Supreme,RECIPE FECW salad_047.png,Salad,Fern
Hidden Treasure Strawberry Salad,RECIPE FECW salad_048.png,Salad,Fern
Warm Tomato-Potato Salad,RECIPE FECW salad_049.png,Salad,Fern
Zucchini Apple Slaw,RECIPE FECW salad_051.png,Salad,Fern
Nutty Tuna Salad Pitas,RECIPE FECW salad_052.png,Salad,Fern
Sauerkraut Salad,RECIPE FECW salad_053.png,Salad,Fern
Creamy Crunchy Tuna Walnut Salad,RECIPE FECW salad_054.png,Salad,Fern
Vegetable Salad,RECIPE FECW salad_055.png,Salad,Fern
Swanson Garden Chicken Salad,RECIPE FECW salad_056.png,Salad,Fern
Finger Jell-O,RECIPE FECW salad_057.png,Salad,Fern
Jell-O Salad (2),sINGLE salad_023.png,Salad,Fern
Jell-O Salad Supreme,sINGLE salad_023.png,Salad,Fern
Egg Salad Peters,Duped sandwich_001.png,Sandwiches,Fern
Toasted Turkey Sandwiches,RECIPE FECW sandwich_003.png,Sandwiches,Fern
Olive Beef Sandwich,RECIPE FECW sandwich_004.png,Sandwiches,Fern
Beef And Cheese Wraps,RECIPE FECW sandwich_005.png,Sandwiches,Fern
Cheese Soup,Duped aSoups_001.png,Soups,Fern
Cheesy Potato Soup,Duped aSoups_003.png,Soups,Fern
Minestrone Soup,Duped aSoups_005.png,Soups,Fern
Potato Soup,Duped aSoups_007.png,Soups,Fern
Broccoli Cheese Soup,Duped aSoups_009.png,Soups,Fern
Tomato Soup,Duped Soups_002.png,Soups,Fern
Cheddar Vegetable Chowder,Duped Soups_004.png,Soups,Fern
Cheese Soup (2),RECIPE FECW soups_001.png,Soups,Fern
Corn Cheese Chowder,RECIPE FECW soups_002.png,Soups,Fern
Savory Chicken Stew,RECIPE FECW soups_003.png,Soups,Fern
Lentil And Beef Stew,RECIPE FECW soups_004.png,Soups,Fern
Creamy Cauliflower Soup,RECIPE FECW soups_005.png,Soups,Fern
Crab Soup,RECIPE FECW soups_006.png,Soups,Fern
Potato Cheese Soup,RECIPE FECW soups_007.png,Soups,Fern
Butter Bean Soup,RECIPE FECW soups_008.png,Soups,Fern
Baasque Vegetabile Chowder,RECIPE FECW soups_009.png,Soups,Fern
Sausage And White Bean Soup,RECIPE FECW soups_010.png,Soups,Fern
Hearty Chicken And Rice Soup,RECIPE FECW soups_011.png,Soups,Fern
Garbanzo Bean Soup,RECIPE FECW soups_012.png,Soups,Fern
Christmas Crab Soup,RECIPE FECW soups_013.png,Soups,Fern
Baked Potato Soup,RECIPE FECW soups_014.png,Soups,Fern
Son-Of-A-Gun Stew,RECIPE FECW soups_015.png,Soups,Fern
Priscilla'S Vegetable Chowder,RECIPE FECW soups_016.png,Soups,Fern
Lentil Soup,RECIPE FECW soups_017.png,Soups,Fern
Beef Chowder With Bacon,RECIPE FECW soups_018.png,Soups,Fern
Corn And Frank Chowder,RECIPE FECW soups_019.png,Soups,Fern
Four Soups From Homemaking,RECIPE FECW soups_020.png,Soups,Fern
Olive Garden Toscana Soup,RECIPE FECW soups_021.png,Soups,Fern
Southwestern Stew,RECIPE FECW soups_022.png,Soups,Fern
Cauliflower Ham Chowder,RECIPE FECW soups_023.png,Soups,Fern
Crab Chowder Supreme,RECIPE FECW soups_024.png,Soups,Fern
Oven Stew,XX Soups_011.png,Soups,Fern
Potato Soup (2),XX Soups_012.png,Soups,Fern
Taco Soup,XX Soups_013.png,Soups,Fern
Sausage Green Chowder,XX Soups_014.png,Soups,Fern
Ground Beef Soup,XX Soups_016.png,Soups,Fern
Sausage Bean Soup,XX Soups_018.png,Soups,Fern
Cider Beef Stew,XX Soups_020.png,Soups,Fern
Party Potatoes,XX Soups_022.png,Soups,Fern
Celery Potato Chowder,XX Soups_024.png,Soups,Fern
Potato And Cabbage Soup,XX Soups_026.png,Soups,Fern
Hearty Garlic Potato Soup,XX Soups_028.png,Soups,Fern
Cabbage Patch Stew,XX Soups_030.png,Soups,Fern
Garden Chowder,XX Soups_032.png,Soups,Fern
Easy Sausage Chowder,XX Soups_034.png,Soups,Fern
Hearty Cauliflower Soup,XX Soups_036.png,Soups,Fern
Cabbage Patch Soup,XX Soups_038.png,Soups,Fern
Spicy Potato Soup,XX Soups_039.png,Soups,Fern
Cheesy Vegetable Bake,Duped vegetables_001.png,Vegetables,Fern
Cabbage Beef Casserole,Duped vegetables_003.png,Vegetables,Fern
Mom's Stuffed Peppers,Duped vegetables_005.png,Vegetables,Fern
Cheesy Zucchini Saute,Duped vegetables_007.png,Vegetables,Fern
Zucchini Santa Fe,Duped vegetables_009.png,Vegetables,Fern
Calico Squash Casserole,Duped vegetables_011.png,Vegetables,Fern
Italian Zucchini Casserole,Duped vegetables_013.png,Vegetables,Fern
Creamed Cucumbers,Duped vegetables_015.png,Vegetables,Fern
Curried Beef-Stuffed Squash,Duped vegetables_017.png,Vegetables,Fern
Parmesan Onion Bake,Duped vegetables_019.png,Vegetables,Fern
Vegetable And Stuffing Bake,Duped vegetables_021.png,Vegetables,Fern
Creamed Cauliflower,Duped vegetables_025.png,Vegetables,Fern
Cabbage Tomato Pasta Toss,Duped vegetables_027.png,Vegetables,Fern
Zucchini Supreme,Duped vegetables_029.png,Vegetables,Fern
Potato Stuffing Casserole,Duped vegetables_031.png,Vegetables,Fern
Potato Spinach Casserole,Duped vegetables_033.png,Vegetables,Fern
Cucumbers With Dressing,Duped vegetables_035.png,Vegetables,Fern
Potatoes Squash Casserole,Duped vegetables_037.png,Vegetables,Fern
Cauliflower Au Gratin (2),Duped vegetables_041.png,Vegetables,Fern
Butternut Squash Bake,Duped vegetables_043.png,Vegetables,Fern
Cauliflower Ham Casserole,Duped vegetables_045.png,Vegetables,Fern
Colorful Veggie Bake,Duped vegetables_047.png,Vegetables,Fern
Iowa Corn Casserole,Duped vegetables_049.png,Vegetables,Fern
Garden Stuffed Baked Potatoes,Duped vegetables_051.png,Vegetables,Fern
Au Gratin Potatoes,Duped vegetables_107.png,Vegetables,Fern
Green Beans Cream Style,RECIPE FECW vegetables_053.png,Vegetables,Fern
Cabbage With Bacon And Dill,RECIPE FECW vegetables_054.png,Vegetables,Fern
Zucchini Peach Casserole,RECIPE FECW vegetables_055.png,Vegetables,Fern
Grandpa'S Party Potatoes,RECIPE FECW vegetables_057.png,Vegetables,Fern
Spaghetti Squash Salad,RECIPE FECW vegetables_058.png,Vegetables,Fern
Tomato Crouton Casserole,RECIPE FECW vegetables_059.png,Vegetables,Fern
Colorful Vegetable Casserole,RECIPE FECW vegetables_060.png,Vegetables,Fern
Zucchini Pancakes,RECIPE FECW vegetables_061.png,Vegetables,Fern
Cheddar Cabbage Casserole,RECIPE FECW vegetables_062.png,Vegetables,Fern
Onions Au Gratin,RECIPE FECW vegetables_063.png,Vegetables,Fern
Cucumbers In Cream,RECIPE FECW vegetables_064.png,Vegetables,Fern
Creamy Squash Casserole,RECIPE FECW vegetables_065.png,Vegetables,Fern
Potato Salad,RECIPE FECW vegetables_066.png,Vegetables,Fern
Mashed Potatoes,RECIPE FECW vegetables_067.png,Vegetables,Fern
Asparagus Smoked Gouda And Ham Melt,RECIPE FECW vegetables_068.png,Vegetables,Fern
Lemony Parsley Carrots,RECIPE FECW vegetables_069.png,Vegetables,Fern
Taco Stuffed Tomatoes,RECIPE FECW vegetables_070.png,Vegetables,Fern
Taco Tater Rockets,RECIPE FECW vegetables_071.png,Vegetables,Fern
Luminous Lemon Pepper Potatoes,RECIPE FECW vegetables_072.png,Vegetables,Fern
Marinated Vegetable And Pasta Salad,RECIPE FECW vegetables_073.png,Vegetables,Fern
Creamy Mashed Potato Bake,RECIPE FECW vegetables_074.png,Vegetables,Fern
Spaghetti Squash With Vegetables,RECIPE FECW vegetables_075.png,Vegetables,Fern
Two Zucchini Bakes,RECIPE FECW vegetables_076.png,Vegetables,Fern
Green Bean Casserole,RECIPE FECW vegetables_077.png,Vegetables,Fern
"""Bingo"" Zucchini Casserole",RECIPE FECW vegetables_078.png,Vegetables,Fern
Zucchini Corn Medley,RECIPE FECW vegetables_079.png,Vegetables,Fern
Zucchini Frittata,RECIPE FECW vegetables_080.png,Vegetables,Fern
Colcannon-Style Potatoes,RECIPE FECW vegetables_081.png,Vegetables,Fern
Potato And Broccoli Supreme,RECIPE FECW vegetables_082.png,Vegetables,Fern
Chili Mashed Potatoes,RECIPE FECW vegetables_083.png,Vegetables,Fern
Green Bean Casserole (2),RECIPE FECW vegetables_084.png,Vegetables,Fern
Two Potato Dishes,RECIPE FECW vegetables_085.png,Vegetables,Fern
Sausage And Apple-Stuffed Zucchini,RECIPE FECW vegetables_086.png,Vegetables,Fern
Broccoli Cheese Casserole With Crunch,RECIPE FECW vegetables_087.png,Vegetables,Fern
Company Summer Zucchini,RECIPE FECW vegetables_088.png,Vegetables,Fern
Jojos Potatoes,RECIPE FECW vegetables_089.png,Vegetables,Fern
Maple Potatoes,RECIPE FECW vegetables_090.png,Vegetables,Fern
Zucchini Casserole,RECIPE FECW vegetables_091.png,Vegetables,Fern
Vegetable Medley,RECIPE FECW vegetables_092.png,Vegetables,Fern
Heartland Been Bake,RECIPE FECW vegetables_093.png,Vegetables,Fern
Summer Squash Casserole,RECIPE FECW vegetables_094.png,Vegetables,Fern
Sweet Potato Maple Mash,RECIPE FECW vegetables_095.png,Vegetables,Fern
Summer Squash Casserole (2),RECIPE FECW vegetables_096.png,Vegetables,Fern
Company Summer Zucchini (2),RECIPE FECW vegetables_097.png,Vegetables,Fern
Zesty Carrot Bake,RECIPE FECW vegetables_098.png,Vegetables,Fern
Squash And Potatoes,RECIPE FECW vegetables_099.png,Vegetables,Fern
Acorn Cabbage Bake,RECIPE FECW vegetables_100.png,Vegetables,Fern
Skillet Cabbage,RECIPE FECW vegetables_101.png,Vegetables,Fern
Winter Vegetable Chili,RECIPE FECW vegetables_103.png,Vegetables,Fern
Zucchini'N Rice Bake,RECIPE FECW vegetables_104.png,Vegetables,Fern
Spaghetti Squash Two Ways,RECIPE FECW vegetables_105.png,Vegetables,Fern
Cauliflower Au Gratin,RECIPE FECW vegetables_106.png,Vegetables,Fern
Sloppy Joes,Sloppy Joes.png,Sandwiches,Fern
Tater-Tot and Hamburger Casserole,Tater-Tot_and_Hamburger_Casserole.jpg,Casseroles,Fern
Orange Refrigerator Cake,Orange_Refrigerator_Cake.jpg,Cakes,Fern
