recipe_name,image_file_1,category
Pecan Chicken Casserole,Duped Unfiled_001.png,File
Hamburger And Tater-Tot Bake,RECIPE FECW Unfiled_004.png,File
Grilled Egg Sandwich,RECIPE FECW Unfiled_005.png,File
Super Bean Bake,RECIPE FECW Unfiled_006.png,File
Noodle And Cornbeef Casserole,RECIPE FECW Unfiled_008.png,File
Chinese Hamburger Casserole,RECIPE FECW Unfiled_009.png,File
Adrienne's Delight,Adriennes Delight 1.png,Appetizer
Cheese Ball,Cheese Ball 1.png,Appetizer
Daffodil Dip,Daffodil Dip 1.png,Appetizer
Mystery Appetizer,Mystery Appetizer 1.png,Appetizer
Sauerkraut Balls,Sauerkraut Balls 1.png,Appetizer
Sweet Potato Cheese Ball,Sweet Potato Cheese Ball 1.png,Appetizer
Tomato Shrimp Cocktail,Tomato Shrimp Cocktail 1.png,Appetizer
Veg Dip,Veg Dip 1.png,Appetizer
Veg Pizza,Veg Pizza 1.png,Appetizer
Zucchini hors d'oeuvre,Zucchini Hors Doeuvre 1.png,Appetizer
Bishops Haslets Punch,Bishops Haslets Punch.png,Beverages
Caribbean Cocktail Cooler,Caribbean Cocktail Cooler.png,Beverages
Cran Raspberry Punch,Cran Raspberry Punch.png,Beverages
Creamsicle Drink,Creamsicle Drink.png,Beverages
Delicious Punch,Delicious Punch.png,Beverages
Hot Chocolate,Hot Chocolate.png,Beverages
Orange Juice Pineapple,Orange Juice Pineapple.png,Beverages
Punch for a Crowd,Punch for a Crowd.png,Beverages
White Christmas Punch,White Christmas Punch.png,Beverages
Apple Orange Bread,Apple Orange Bread 1.png,Bread
Apple Walnut Bread,Apple Walnut Bread 1.png,Bread
Apricot Banana Bread,Apricot Banana Bread 1.png,Bread
Banana Pineapple Bread,Banana Pineapple Bread 1.png,Bread
Banana Pineapple Bread 2,Banana Pineapple Bread 2 1.png,Bread
Berry Mini Breads,Berry Mini Breads 1.png,Bread
Bran Muffins,Bran Muffins 1.png,Bread
Bran Muffins 2,Bran Muffins 2 1.png,Bread
Butter Pecan Bread,Butter Pecan Bread 1.png,Bread
Carrot Banana Bread,Carrot Banana Bread 1.png,Bread
Cherry Nut Bread,Cherry Nut Bread 1.png,Bread
Cinnamon Oatmeal Raisin Bread,Cinnamon Oatmeal Raisin Bread 1.png,Bread
Cinnamon Rolls,Cinnamon Rolls 1.png,Bread
Cinnamon Rolls 2 ,Cinnamon Rolls 2 -1.png,Bread
Coconut Bread,Coconut Bread 1.png,Bread
Cranberry Fruit Nut Bread,Cranberry Fruit Nut Bread 1.png,Bread
Cranberry Nut Bread,Cranberry Nut Bread.png,Bread
GIFT OF THE MAGI BREAD,GIFT OF THE MAGI BREAD.png,Bread
Hamburger Buns,Hamburger Buns 1.png,Bread
Honey Nut Sticky Buns,hnsb.png,Bread
Irish Soda Bread,Irish Soda Bread 1.png,Bread
Lemon Loaf,Lemon Loaf 1.png,Bread
Lemony Zucchini Bread ,Lemony Zucchini Bread -1.png,Bread
Les Poppy Seed Cake,Les Poppy Seed Cake 1.png,Bread
Mystery No Knead Bread,No Knead.png,Bread
Old Fashion Walnut Streusel Bread,Old Fashion Walnut Strussel Bread 1.png,Bread
Orange Rolls,OR.png,Bread
Orange Buttermilk Muffins,Orange Buttermilk Muffins 1.png,Bread
Orange Nut Bran Bread,Orange Nut Bran Bread 1.png,Bread
Orange Walnut Bread,Orange Walnut Bread 1.png,Bread
Peanut Butter Pumpkin Bread,Peanut Butter Pumplin Bread 1.png,Bread
Pineapple Cookies,Pineapple Cookies 1.png,Bread
Pineapple Pecan Loaf,Pineapple Pecan Loaf 1.png,Bread
Pumpkin Bread,Pumpkin Bread 1.png,Bread
Rhubarb Muffins,Rhubarb Muffins 1.png,Bread
Sabbath Day Rolls,Sabbath Day Rolls 1.png,Bread
Southwestern Savory Muffins,Southwestern Savory Muffins 1.png,Bread
Spicy Pineapple Zucchini Bread,Spicy Pineapple Zuchinni Bread 1.png,Bread
Sugar Plum Tree,Sugar Plum Tree 1.png,Bread
Whole Wheat Pancakes or Waffles,Whole Wheat Pancakes or Waffles 1.png,Bread
Wholewheat Bread,Wholewheat Bread 1.png,Bread
Zucchini Pancakes (2),zcp2.png,Bread
Zucchini Bread,Zucchini Bread 1.png,Bread
Zucchini Pancakes,Zucchini Pancakes 1.png,Bread
Zucchini Pineapple Bread,Zucchini Pineapple Bread 1.png,Bread
Christmas Blondies,18.png,Cakes
Never Fail Or Seven Minute Icing,20.png,Cakes
Fluffy White Frosting,22.png,Cakes
Texas Sheet Cake,24.png,Cakes
Poppyseed Bundt Cake,26.png,Cakes
Upside-Down Raspberry Cake,28.png,Cakes
Peach Poundcake,30.png,Cakes
Milk Chocolate Bundt Cake,32.png,Cakes
Buttermilk Cocoa Cake,34.png,Cakes
Fudgy Chocolate Cherry Layered Cake,41.png,Cakes
Pumpkin Sheet Cake,RECIPE CS08032023202601_001.png,Cakes
Chocolate Cookie Torte,RECIPE CS08032023202601_002.png,Cakes
Poundcake Ring,RECIPE CS08032023202601_003.png,Cakes
Pineapple Poundcake,RECIPE CS08032023202602_001 - Copy.png,Cakes
Turtle Sunday Dessert,RECIPE CS08032023202602_002.png,Cakes
Pancakes,RECIPE CS08032023204929_001.png,Cakes
Sheet Cake Recipes,RECIPE FECW_001.png,Cakes
Sheet Cake Recipes (2),RECIPE FECW_002.png,Cakes
Pumpkin Raisin Cake,RECIPE FECW_003.png,Cakes
Sour Cream Chocolate Frosting,RECIPE FECW_004.png,Cakes
Yellow Cake Mix Creation,RECIPE FECW_005.png,Cakes
Peppermint Ice Cream Cake,RECIPE FECW_006.png,Cakes
Chocolate Zucchini Cake,RECIPE FECW_007.png,Cakes
Banana Split Snack Cake,RECIPE FECW_008.png,Cakes
Banana Upside Down Cake,RECIPE FECW_009.png,Cakes
Orange Zucchini Cake,RECIPE FECW_010.png,Cakes
Barry Glaze Chocolate Cake,RECIPE FECW_011.png,Cakes
Apple Walnut Harvest Cake,RECIPE FECW_012.png,Cakes
Celebrity Hummingbird Cake,RECIPE FECW_013.png,Cakes
Butter Pecan Cake,RECIPE FECW_014.png,Cakes
Holiday Brownies,RECIPE FECW_015.png,Cakes
Boiled Raisin Cake,RECIPE FECW_016.png,Cakes
Boiled Raisin Cake 2,RECIPE FECW_017.png,Cakes
Cake Mix Derivations,RECIPE FECW_036.png,Cakes
Cake Mix Derivations 2,RECIPE FECW_037.png,Cakes
Chocoholic Cake,RECIPE FECW_038.png,Cakes
Pumpkin Cake,RECIPE FECW_039.png,Cakes
Peaches And Cream Torte ,RECIPE FECW_042.png,Cakes
German Chocolate Cake Mix,RECIPE FECW_043.png,Cakes
Crumb Cake,RECIPE FECW_044.png,Cakes
Buttery Almond Crunch,Buttery Almond Crunch.png,Candy
Cadbury Eggs,Cadbury Eggs.png,Candy
Candied Nuts,Candied Nuts.png,Candy
Candy Bar Bars,Candy Bar Bars.png,Candy
Candy Eggs,Candy Eggs.png,Candy
Caramel Marshmallows,Caramel Marshmallows.png,Candy
Caramel Popcorn,Caramel Popcorn.png,Candy
Carmel Corn,Carmel Corn.png,Candy
Cashew Caramel Fudge,Cashew Caramel Fudge.png,Candy
Cathedral Windows,Cathedral Windows.png,Candy
Chocolate Pecan Caramels,Chocolate Pecan Caramels.png,Candy
Chocolate Truffles (2),Chocolate Truffles No 2.png,Candy
Chocolate Truffles,Chocolate Truffles.png,Candy
Corn Pops,Corn Pops.png,Candy
Cow Pies,Cow Pies.png,Candy
Easter Eggs,Easter Eggs.png,Candy
English Toffee,English Toffee.png,Candy
Nestle Recipes,Nestle Recipes.png,Candy
Never Fail Divinity,Never Fail Divinity.png,Candy
Nutty Chocolate Marshmallow Cups,Nutty Chocolate Marshmallow Cups.png,Candy
PECAN DELIGHTS,PECAN DELIGHTS.png,Candy
Philly Nuggets and Bonbons,Philly Nuggets and Bonbons.png,Candy
Rice Krispies Caramel Marshmallows,Rice Krispies Caramel Marshmallows.png,Candy
Saltine Candy,Saltine Candy.png,Candy
See's Fudge,Sees Fudge.png,Candy
Smores Bars,Smores Bars.png,Candy
Spiced Popcorn,Spiced Popcorn.png,Candy
Sugared Walnuts,Sugared Walnuts.png,Candy
Ultimate Chocolate Dip,Ultimate Chocolate Dip.png,Candy
Peach Raspberry Jam,RECIPE FECW_046.png,Canning
Dill Pickles,RECIPE FECW_047.png,Canning
Plum Conserve,RECIPE FECW_048.png,Canning
Mustard Pickles,RECIPE FECW_049.png,Canning
Chili Sauce,RECIPE FECW_050.png,Canning
Peach Raspberry Jam #2,RECIPE FECW_051.png,Canning
Pickled Beets,RECIPE FECW_053.png,Canning
Crisp Pickle Slices,RECIPE FECW_054.png,Canning
Salsa,RECIPE FECW_055.png,Canning
Chili Sauce #2,RECIPE FECW_057.png,Canning
Lasagne,fff 1.png,Casseroles
Chinese Sundae,ffg 1.png,Casseroles
Private Eye Pie,ffh 1.png,Casseroles
Jack Pot Casserole,JAck Pot Casserole.png,Casseroles
Pepperoni Pizza Chili,PPC.png,Casseroles
Tuna-Lima Bean Casserole,RECIPE CS Casseroles09302023172443_001.png,Casseroles
Spam And Rice Casserole,RECIPE FECW casseroles_022.png,Casseroles
Zucchini Rice With Sausage,RECIPE FECW casseroles_025.png,Casseroles
Tuna Casserole,RECIPE FECW casseroles_028.png,Casseroles
Meat Patties,RECIPE FECW casseroles_031.png,Casseroles
Meal Casserole,RECIPE FECW casseroles_032.png,Casseroles
Zingy Zucchini Casserole,RECIPE FECW casseroles_035.png,Casseroles
Pot Pie,RECIPE FECW casseroles_038.png,Casseroles
Stroganoff,RECIPE FECW casseroles_039.png,Casseroles
Frank's Burritos,RECIPE FECW casseroles_040.png,Casseroles
Meat Balls,RECIPE FECW casseroles_041.png,Casseroles
Creamy Spam And Broccoli Casserole,RECIPE FECW casseroles_042.png,Casseroles
Hamburger-Corn Bake,RECIPE FECW casseroles_043.png,Casseroles
Corn And Potato Casserole,RECIPE FECW casseroles_044.png,Casseroles
Creamy Meatballs And Potatoes,RECIPE FECW casseroles_045.png,Casseroles
Spaghetti Casserole,RECIPE FECW casseroles_046.png,Casseroles
Ground Beef And Vegetables Over Rice,RECIPE FECW casseroles_047.png,Casseroles
Six Veggie Casserole,RECIPE FECW casseroles_050.png,Casseroles
Cabbage Casserole,RECIPE FECW casseroles_051.png,Casseroles
Country Pineapple Casserole,RECIPE FECW casseroles_054.png,Casseroles
Omelet Biscuit Cups,RECIPE FECW casseroles_055.png,Casseroles
Scrambled Egg Casserole,RECIPE FECW casseroles_056.png,Casseroles
Brunch Egg And Cheese And Ham Casserole,RECIPE FECW casseroles_057.png,Casseroles
Beef And Asparagus Skillet Dinner,RECIPE FECW casseroles_058.png,Casseroles
Franks 'N' Beans Supper,RECIPE FECW casseroles_059.png,Casseroles
Philippine Fried Rice,RECIPE FECW casseroles_060.png,Casseroles
Smoke Sausage And Beans,RECIPE FECW casseroles_061.png,Casseroles
Mashed Potato Sausage Bake,RECIPE FECW casseroles_062.png,Casseroles
Sausage Skillet Supper,RECIPE FECW casseroles_063.png,Casseroles
Apricot Beef Stir-fry,RECIPE FECW casseroles_064.png,Casseroles
German Macaroni,RECIPE FECW casseroles_065.png,Casseroles
Ground Beef And Rice Pie ,RECIPE FECW casseroles_066.png,Casseroles
Eggs Over English Muffins,RECIPE FECW casseroles_067.png,Casseroles
Skillet Beef And Green Beans,RECIPE FECW casseroles_068.png,Casseroles
Grandma's Casserole,RECIPE FECW casseroles_070.png,Casseroles
Lasagne (2),RECIPE FECW casseroles_072.png,Casseroles
One Step Tamale Pie,RECIPE FECW casseroles_074.png,Casseroles
Tamale Skillet Meal,RECIPE FECW casseroles_075.png,Casseroles
Cindy's Diner Garbage Pie,RECIPE FECW casseroles_076.png,Casseroles
Mexican Taters And Beans,RECIPE FECW casseroles_077.png,Casseroles
Sunday Brunch Casserole,RECIPE FECW casseroles_078.png,Casseroles
Beef Nacho Casserole,RECIPE FECW casseroles_079.png,Casseroles
Lasagna,RECIPE FECW casseroles_082.png,Casseroles
Easy Pasta Skillet,RECIPE FECW casseroles_085.png,Casseroles
Cheesy Chicken And Broccoli Macaroni,RECIPE FECW casseroles_086.png,Casseroles
Boiled Dinner,RECIPE FECW casseroles_087.png,Casseroles
Pineapple Stuffing Casserole,RECIPE FECW casseroles_088.png,Casseroles
Spaghetti Primavera,RECIPE FECW casseroles_089.png,Casseroles
Spaghetti Pie,RECIPE FECW casseroles_090.png,Casseroles
Vegetable Beef Casserole,RECIPE FECW casseroles_091.png,Casseroles
Tuna Crunch Casserole,RECIPE FECW casseroles_092.png,Casseroles
Crusty SPAMbake,RECIPE FECW casseroles_093.png,Casseroles
Lasagna Roll-Ups,RECIPE FECW casseroles_094.png,Casseroles
Chicken Tuna Casserole,RECIPE FECW casseroles_095.png,Casseroles
Beef And Cabbage Taco Casserole,RECIPE FECW casseroles_096.png,Casseroles
Chili Spaghetti,RECIPE FECW casseroles_097.png,Casseroles
Spam Potato Casserole,RECIPE FECW casseroles_098.png,Casseroles
Butternut Squash Bake,RECIPE FECW casseroles_099.png,Casseroles
Sweet Potato - Apple Casserole,RECIPE FECW casseroles_100.png,Casseroles
Savory Spaghetti,RECIPE FECW casseroles_101.png,Casseroles
Red Beans And Rice,RECIPE FECW casseroles_102.png,Casseroles
Scallop Potatoes With Ham,Untitled_1.png,Casseroles
"Macaroni, Zucchini Casserole",Untitled_10.png,Casseroles
Beef And Bacon Casserole,Untitled_11.png,Casseroles
Quick Taco Rice,Untitled_12.png,Casseroles
Busy Day Casserole,Untitled_13.png,Casseroles
Beef And Bacon Casserole (2),Untitled_14.png,Casseroles
Quick Taco Bake,Untitled_16.png,Casseroles
Microwave Tuna Casserole,Untitled_2.png,Casseroles
Orange Rice Medley,Untitled_3.png,Casseroles
Sauerkraut Casserole,Untitled_4.png,Casseroles
Upside Down Pizza,Untitled_5.png,Casseroles
Sausage Bean Burritos,Untitled_6.png,Casseroles
Apple Sausage Bake,Untitled_7.png,Casseroles
Zucchini Lasagna,Untitled_8.png,Casseroles
Texas Style Spanish Rice,Untitled_9.png,Casseroles
Pecan Crescent Cookies,CD1.png,Cookies
Peanut Butter Rolled Oats Clusters,cd10.png,Cookies
Hershey Brownies,cd11.png,Cookies
Brown Sugar Chocolate Chip Cookies,cd12.png,Cookies
Fortune Cookies,cd13.png,Cookies
Molasses Crinkles Cookies,CD14.png,Cookies
Jam Cookies,CD15.png,Cookies
Chocolate Cookies,CD16.png,Cookies
Peanut Butter Crinkles,CD17.png,Cookies
Cranberry Oatmeal Cookies,cd2.png,Cookies
Crispy Butter Cookies,cd3.png,Cookies
Butterscotch Cashew Bars,cd4.png,Cookies
Banana Oatmeal Cookies,CD5.png,Cookies
Chocolate Oat Squares,cd6.png,Cookies
Cream Cheese Finger Cookies,cd7.png,Cookies
Frosted Banana Bars,cd8.png,Cookies
Sugar Cookies,cd9.png,Cookies
Banana Split Sundae Cookies,RECIPE CS09282023170227_001.png,Cookies
Chocolate-Mint Creme Cookies,RECIPE CS09282023170227_002.png,Cookies
Lemon Bars,RECIPE CS09282023170228_001.png,Cookies
Rocky Roads,RECIPE CS09282023170228_002.png,Cookies
Buttermilk Chocolate Chip Cookies,RECIPE CS09282023180834_001.png,Cookies
Leadership,RECIPE FECW cookie_025.png,Cookies
Danish Tea Drops,RECIPE FECW cookie_030.png,Cookies
Apple Sauce Cookies,RECIPE FECW cookie_031.png,Cookies
Lemon Squares (#3),RECIPE FECW cookie_032.png,Cookies
Chocolate Chip Oatmeal Cookies,RECIPE FECW cookie_039.png,Cookies
Pumpkin Oatmeal Cookies,RECIPE FECW cookie_040.png,Cookies
Banana Peanut Buffer Cookies,RECIPE FECW cookie_041.png,Cookies
Peppermint Cookies,RECIPE FECW cookie_042.png,Cookies
Joan's Lemonade Cookies,RECIPE FECW cookie_043.png,Cookies
Sugar Cookies (2),RECIPE FECW cookie_044.png,Cookies
Raisin Filled Refrigerator Cookies (With Notes),RECIPE FECW cookie_045.png,Cookies
Brownie In A Mug,RECIPE FECW cookie_046.png,Cookies
Raisin Filled Refrigerator Cookies,RECIPE FECW cookie_047.png,Cookies
Oatmeal Fudge Bars,RECIPE FECW cookie_048.png,Cookies
Picnic Brownies,RECIPE FECW cookie_049.png,Cookies
Walnut Fruit Squares,RECIPE FECW cookie_050.png,Cookies
Pudding Sugar Cookies,RECIPE FECW cookie_051.png,Cookies
Zucchini Granola Cookies,RECIPE FECW cookie_052.png,Cookies
Butterscotch Pecan Cookies,RECIPE FECW cookie_053.png,Cookies
Marshmallow Treats & Galaxies,RECIPE FECW cookie_054.png,Cookies
Rosy Raisin-Nut Cookies,RECIPE FECW cookie_056.png,Cookies
Sugar Diamonds,RECIPE FECW cookie_057.png,Cookies
Chocolate Sugar Puff Cookies,RECIPE FECW cookie_058.png,Cookies
Snickerdoodles,RECIPE FECW cookie_059.png,Cookies
Cherry Crunch Cookies,RECIPE FECW cookie_061.png,Cookies
Carrot Cookies,RECIPE FECW cookie_062.png,Cookies
Chocolate Walnut Squares,RECIPE FECW cookie_063.png,Cookies
Peaches 'N' Cream Bars,RECIPE FECW cookie_064.png,Cookies
Lemon Bars (#2),RECIPE FECW cookie_065.png,Cookies
Chocolate Chip Cookies,RECIPE FECW cookie_066.png,Cookies
Chocolate Sugar Puff Cookies (Handwritten),RECIPE FECW cookie_067.png,Cookies
Fruit Drops,RECIPE FECW cookie_068.png,Cookies
Brownies,RECIPE FECW cookie_070.png,Cookies
Butter Scotch Squares,RECIPE FECW cookie_071.png,Cookies
Choco-Marshmallow Cookies,RECIPE FECW cookie_072.png,Cookies
Zesty Italian Dressing,CID.png,Dressings_Dips
Mustard Ham Sauce,Duped dressings dips_001.png,Dressings_Dips
Dressing,Duped dressings dips_003.png,Dressings_Dips
Fruit Dip,RECIPE FECW dressings dips_005.png,Dressings_Dips
Munching Onion Spread,RECIPE FECW dressings dips_006.png,Dressings_Dips
Shrimp Dip,RECIPE FECW dressings dips_007.png,Dressings_Dips
Cherry Chiffon Dessert,a1.png,Frozen_Desserts
Warm Cherry Puff,a2.png,Frozen_Desserts
Midway Mud Pie,a3.png,Frozen_Desserts
Easy Cheesecakes,a4.png,Frozen_Desserts
Lemon Pie,RECIPE FECW Frozen Desserts_001.png,Frozen_Desserts
Icebox Dessert,RECIPE FECW Frozen Desserts_002.png,Frozen_Desserts
Old-Fashioned Rice Pudding,RECIPE FECW Frozen Desserts_003.png,Frozen_Desserts
Lemon Sauce,RECIPE FECW Frozen Desserts_004.png,Frozen_Desserts
Butterscotch Pecan Dessert,RECIPE FECW Frozen Desserts_005.png,Frozen_Desserts
Cherry Nut Putting,RECIPE FECW Frozen Desserts_006.png,Frozen_Desserts
Frozen Hawaiian Pie,RECIPE FECW Frozen Desserts_007.png,Frozen_Desserts
Baked Apple Pudding,RECIPE FECW Frozen Desserts_009.png,Frozen_Desserts
Applenut Pudding,RECIPE FECW Frozen Desserts_010.png,Frozen_Desserts
Frosty Chocolate Mousse,RECIPE FECW Frozen Desserts_011.png,Frozen_Desserts
Piecrust,RECIPE FECW Frozen Desserts_012.png,Frozen_Desserts
Pecan Pumpkin Dessert,RECIPE FECW Frozen Desserts_013.png,Frozen_Desserts
Peppermint Fluff,RECIPE FECW Frozen Desserts_014.png,Frozen_Desserts
Apple Crisp,RECIPE FECW Frozen Desserts_015.png,Frozen_Desserts
Raspberry Cheesecake,RECIPE FECW Frozen Desserts_016.png,Frozen_Desserts
Peach Cobbler,RECIPE FECW Frozen Desserts_017.png,Frozen_Desserts
Hot Fudge Sauce,RECIPE FECW Frozen Desserts_018.png,Frozen_Desserts
Ice Cream Sundae Dessert,RECIPE FECW Frozen Desserts_019.png,Frozen_Desserts
Dorothy's Jello Dessert,RECIPE FECW Frozen Desserts_021.png,Frozen_Desserts
Apple Pancake,RECIPE FECW Frozen Desserts_022.png,Frozen_Desserts
Date Dessert,RECIPE FECW Frozen Desserts_023.png,Frozen_Desserts
Chocolate Eclair Pie,RECIPE FECW Frozen Desserts_024.png,Frozen_Desserts
Peaches And Cream Cheesecake,RECIPE FECW Frozen Desserts_025.png,Frozen_Desserts
Fruit Pie,RECIPE FECW Frozen Desserts_026.png,Frozen_Desserts
Cherry Roly-Poly,RECIPE FECW Frozen Desserts_027.png,Frozen_Desserts
Minty Grasshopper Pie,RECIPE FECW Frozen Desserts_028.png,Frozen_Desserts
Snowballs,RECIPE FECW Frozen Desserts_029.png,Frozen_Desserts
Apple Brown Betty,RECIPE FECW Frozen Desserts_030.png,Frozen_Desserts
Orange Delight,RECIPE FECW Frozen Desserts_031.png,Frozen_Desserts
Peach And Apple Crisp,RECIPE FECW Frozen Desserts_032.png,Frozen_Desserts
Fruit Cobbler,RECIPE FECW Frozen Desserts_033.png,Frozen_Desserts
Strawberry Pie,RECIPE FECW Frozen Desserts_034.png,Frozen_Desserts
Peppermint Dessert,RECIPE FECW Frozen Desserts_035.png,Frozen_Desserts
Frosted Banana Bars,RECIPE FECW Frozen Desserts_036.png,Frozen_Desserts
Peppermint Dessert (2),RECIPE FECW Frozen Desserts_037.png,Frozen_Desserts
Butterscotch Delight,RECIPE FECW Frozen Desserts_038.png,Frozen_Desserts
Strawberry Danish Dessert Cheesecake,RECIPE FECW Frozen Desserts_039.png,Frozen_Desserts
Pumpkin Bars,RECIPE FECW Frozen Desserts_040.png,Frozen_Desserts
Peach Cobbler (2),RECIPE FECW Frozen Desserts_041.png,Frozen_Desserts
Pumpkin Surprise Cake,RECIPE FECW Frozen Desserts_042.png,Frozen_Desserts
Pumpkin Pie Squares,RECIPE FECW Frozen Desserts_043.png,Frozen_Desserts
Summer Dessert Pizza,RECIPE FECW Frozen Desserts_044.png,Frozen_Desserts
Peppermint Ice Cream Cake,RECIPE FECW Frozen Desserts_045.png,Frozen_Desserts
Popcorn Candy Cake,RECIPE FECW Frozen Desserts_046.png,Frozen_Desserts
Lemon Raisin Bars,RECIPE FECW Frozen Desserts_047.png,Frozen_Desserts
Pineapple Icebox Pie,RECIPE FECW Frozen Desserts_048.png,Frozen_Desserts
Cream De Minte,RECIPE FECW Frozen Desserts_049.png,Frozen_Desserts
Annette's Cheesecake,RECIPE FECW Frozen Desserts_050.png,Frozen_Desserts
Pumpkin Ice Cream Pie,RECIPE FECW Frozen Desserts_051.png,Frozen_Desserts
Turtle Pumpkin Pie,RECIPE FECW Frozen Desserts_052.png,Frozen_Desserts
Easy Peach Cobbler,RECIPE FECW Frozen Desserts_053.png,Frozen_Desserts
Chocolate Cream Dessert,RECIPE FECW Frozen Desserts_054.png,Frozen_Desserts
Cookie Mix In A Jar,Duped misc_001.png,Misc
Windex,RECIPE FECW misc_003.png,Misc
Original Chex Party Mix Microwave Recipe,RECIPE FECW misc_004.png,Misc
Pie Crust Shield,RECIPE FECW misc_005.png,Misc
Strawberry Salsa,RECIPE FECW misc_006.png,Misc
Pumpkin Seeds,RECIPE FECW misc_007.png,Misc
Refried Beans,RECIPE FECW misc_008.png,Misc
Beans And Franks Casserole,RECIPE FECW misc_009.png,Misc
Play Dough,RECIPE FECW misc_010.png,Misc
Chocolate Mug Cake,RECIPE FECW misc_012.png,Misc
Oven Swiss Steak,Duped beef_001.png,Beef
Italian Meat Loaves,Duped beef_003.png,Beef
Barbecued London Broil,RECIPE FECW beef_005.png,Beef
Jeanette's Meatloaf,RECIPE FECW beef_006.png,Beef
Easy Pleasing Meatloaves,RECIPE FECW beef_007.png,Beef
Chops With Mushroom Gravy,Duped PORK_001.png,Pork
Pork Chop Casserole,Duped PORK_003.png,Pork
Potato Pork Pie,Duped PORK_005.png,Pork
Spiced Pork Chops,Duped PORK_007.png,Pork
Broccoli Ham Roll Ups,Duped PORK_009.png,Pork
Cranberry Pork Chops,Duped PORK_011.png,Pork
Pork And Apple Supper,Duped PORK_013.png,Pork
Country Spare Ribs,Duped PORK_015.png,Pork
Pork Chops O'Brien,Duped PORK_017.png,Pork
Potato Top Pork Casserole,Duped PORK_019.png,Pork
Peach Glazed Pork Chops,Duped PORK_021.png,Pork
Pork Chops And Sweet Potato Gravy,Duped PORK_040.png,Pork
Asparagus Ham Rolls,RECIPE CS Pork10122023180221_001.png,Pork
Creamy Ranch Pork Chops And Rice,RECIPE FECW PORK_023.png,Pork
Peachy Pork Picante,RECIPE FECW PORK_024.png,Pork
Saucy Twist Pork,RECIPE FECW PORK_025.png,Pork
Different Twist Pork Stew,RECIPE FECW PORK_027.png,Pork
Pork And Pasta Skillet Supper,RECIPE FECW PORK_028.png,Pork
Very Berry Pork Chops,RECIPE FECW PORK_029.png,Pork
Tortilla Crusted Pork Chops,RECIPE FECW PORK_030.png,Pork
Spiced Pork Chops (2),RECIPE FECW PORK_031.png,Pork
Pork Chop Dinner,RECIPE FECW PORK_032.png,Pork
Quick Ginger Pork,RECIPE FECW PORK_033.png,Pork
Savory Pork Chops,RECIPE FECW PORK_034.png,Pork
Pork Chops With Sauerkraut,RECIPE FECW PORK_035.png,Pork
Paprika Pork Stew,RECIPE FECW PORK_036.png,Pork
Pork With Apples,RECIPE FECW PORK_037.png,Pork
Pork Chops,RECIPE FECW PORK_038.png,Pork
Apricot Ham Steak,RECIPE FECW PORK_039.png,Pork
Pork Chop Casserole (2),RECIPE FECW PORK_042.png,Pork
Skillet Pork Chops,RECIPE FECW PORK_043.png,Pork
Pork Loin With Honey-Mustard Sauce,RECIPE FECW PORK_044.png,Pork
Original Ranch Pork Chops,RECIPE FECW PORK_045.png,Pork
Ham With Cherry Sauce,RECIPE FECW PORK_046.png,Pork
Corny Ham Supper,RECIPE FECW PORK_047.png,Pork
Herb Skillet Dinner,RECIPE FECW PORK_049.png,Pork
Pork Chop And Potato Bake,RECIPE FECW PORK_050.png,Pork
Caramel Apple Pork Chops,RECIPE FECW PORK_051.png,Pork
Golden Apple And Pork Saute,RECIPE FECW PORK_052.png,Pork
Ham Loaf,RECIPE FECW PORK_053.png,Pork
Chicken Breast With Lemon Cream Sauce,Duped poultry_001.png,Poultry
Chicken Enchiladas,Duped poultry_003.png,Poultry
Easy Chicken Oriental,Duped poultry_005.png,Poultry
Scalloped Chicken,Duped poultry_007.png,Poultry
Orange Walnut Chicken,Duped poultry_009.png,Poultry
Dill Chicken Salad,Duped poultry_011.png,Poultry
Sausage Chicken And Asparagus,Duped poultry_013.png,Poultry
Potluck Chicken Casserole,Duped poultry_015.png,Poultry
Chicken Stroganoff,Duped poultry_017.png,Poultry
Turkey Rice Casserole,Duped poultry_019.png,Poultry
Special Delivery Chicken,Duped poultry_021.png,Poultry
Crispy Onion Chicken,Duped poultry_023.png,Poultry
Puff Pastry Chicken,Duped poultry_025.png,Poultry
Lemon Herb Grilled Chicken,Duped poultry_027.png,Poultry
Chicken Over Rice,Duped poultry_029.png,Poultry
Chicken Cacciatore,Duped poultry_031.png,Poultry
Chicken Noodle Skillet Dinner,Duped poultry_033.png,Poultry
Apricot Chicken,Duped poultry_035.png,Poultry
Broccoli And Chicken,Duped poultry_037.png,Poultry
Chicken And Stuffing Casserole,Duped poultry_039.png,Poultry
Chicken And Wild Rice,Duped poultry_041.png,Poultry
Chicken Dinner Divan,Duped poultry_043.png,Poultry
Arroz Caldo Chicken,Duped poultry_045.png,Poultry
Chicken Casserole,Duped poultry_047.png,Poultry
Chicken With Broccoli Curry Sauce,RECIPE FECW poultry_049.png,Poultry
Chicken And Artichoke Casserole,RECIPE FECW poultry_051.png,Poultry
Chicken Patties,RECIPE FECW poultry_053.png,Poultry
Adobo Chicken,RECIPE FECW poultry_054.png,Poultry
Crockpot Chicken (2),RECIPE FECW poultry_055.png,Poultry
Crockpot Chicken,RECIPE FECW poultry_056.png,Poultry
Chicken Enchiladas (2),RECIPE FECW poultry_057.png,Poultry
Easy Chicken And Rice Casserole,RECIPE FECW poultry_058.png,Poultry
Garlic And Lemon Roast Chicken,RECIPE FECW poultry_059.png,Poultry
Three Chicken Recipes Using Bisquick,RECIPE FECW poultry_060.png,Poultry
Creamy Pesto Chicken And Pasta,RECIPE FECW poultry_061.png,Poultry
Chicken Sausage Skillet,RECIPE FECW poultry_062.png,Poultry
Elegant Chicken Salad,RECIPE FECW poultry_063.png,Poultry
Pecan Chicken With Orange,RECIPE FECW poultry_065.png,Poultry
Mexican Chicken,RECIPE FECW poultry_067.png,Poultry
Peachy Chicken,RECIPE FECW poultry_068.png,Poultry
Peachy Chicken Salad,RECIPE FECW poultry_069.png,Poultry
Hot Chicken Salad Casserole,RECIPE FECW poultry_070.png,Poultry
Easy Italian Chicken,RECIPE FECW poultry_071.png,Poultry
Cranberry Chicken,RECIPE FECW poultry_072.png,Poultry
Chicken With Dilly Ham Sauce,RECIPE FECW poultry_073.png,Poultry
Chicken Bean Casserole,RECIPE FECW poultry_074.png,Poultry
Onion Chicken Stuffing Bake,RECIPE FECW poultry_075.png,Poultry
Chicken Veggie Casserole,RECIPE FECW poultry_076.png,Poultry
Chicken Picante,RECIPE FECW poultry_080.png,Poultry
7-Up Chicken,RECIPE FECW poultry_081.png,Poultry
Vermont Curry,RECIPE FECW poultry_082.png,Poultry
Crunchy Onion Chicken,RECIPE FECW poultry_083.png,Poultry
Chicken And Vegetable Casserole,RECIPE FECW poultry_084.png,Poultry
Chicken Dressing Casserole,RECIPE FECW poultry_086.png,Poultry
Turkey Pies With Cheese Pastry,RECIPE FECW poultry_087.png,Poultry
Swiss And Chicken Casserole,RECIPE FECW poultry_088.png,Poultry
Cantaloupe With Chicken Salad,RECIPE FECW poultry_089.png,Poultry
Savory Cranberry Turkey Casserole,RECIPE FECW poultry_090.png,Poultry
Chicken Stuffing Casserole,RECIPE FECW poultry_091.png,Poultry
Chinese Sunday,RECIPE FECW poultry_092.png,Poultry
Mexican Chicken Casserole,RECIPE FECW poultry_093.png,Poultry
Turkey Casserole,RECIPE FECW poultry_094.png,Poultry
Chicken With Bacon,RECIPE FECW poultry_095.png,Poultry
Broccoli Turkey Casserole,RECIPE FECW poultry_096.png,Poultry
Peach Chicken Bake,RECIPE FECW poultry_097.png,Poultry
Tex-Mex Soup,RECIPE FECW poultry_098.png,Poultry
Fruit Chicken Salad,RECIPE FECW poultry_099.png,Poultry
Swiss Cheese Chicken,RECIPE FECW poultry_100.png,Poultry
Curry Chicken With Couscous,RECIPE FECW poultry_101.png,Poultry
Italian Skillet Mushroom And Chicken Stew,RECIPE FECW poultry_102.png,Poultry
Turkey And Stuffing Bake,RECIPE FECW poultry_103.png,Poultry
Baked Pineapple Chicken,RECIPE FECW poultry_104.png,Poultry
Chicken With Zucchini And Tomatoes,RECIPE FECW poultry_105.png,Poultry
Crispy Garlic Chicken,RECIPE FECW poultry_106.png,Poultry
Chicken Asparagus Pasta Supper,RECIPE FECW poultry_107.png,Poultry
Hot Chicken Salad,RECIPE FECW poultry_108.png,Poultry
Tex-Mex Skillet,RECIPE FECW poultry_109.png,Poultry
Salmon Stuffed Pita Bread,Duped seafood_001.png,Seafood
Tuna Casserole,Duped seafood_003.png,Seafood
Seafood Stuffed Tomatoes,Duped seafood_005.png,Seafood
Tuna Cashew Casserole,RECIPE FECW seafood_007.png,Seafood
Shrimp Casserole,RECIPE FECW seafood_008.png,Seafood
Hurry Tuna Curry,RECIPE FECW seafood_009.png,Seafood
Avo-Tuna Bake,RECIPE FECW seafood_010.png,Seafood
Favorite Tuna Casserole,RECIPE FECW seafood_011.png,Seafood
Salmon Cucumber Sandwich,RECIPE FECW seafood_012.png,Seafood
Seven Seas Casserole,RECIPE FECW seafood_013.png,Seafood
Crab Dip,RECIPE FECW seafood_014.png,Seafood
Tuna Vegetable Supper,RECIPE FECW seafood_016.png,Seafood
Dilly Tuna And Vegetable Toss,RECIPE FECW seafood_017.png,Seafood
Lemony Salmon Patties,RECIPE FECW seafood_018.png,Seafood
Tuna Triangles,RECIPE FECW seafood_019.png,Seafood
Macaroni And Shrimp Salad,RECIPE FECW seafood_020.png,Seafood
Seven Layer Salmon Salad,RECIPE FECW seafood_021.png,Seafood
Layered Salmon And Vegetable Main Dish Salad,RECIPE FECW seafood_022.png,Seafood
Avocado Salad Bowl,asb.png,Salad
Colorful Vegetable Slaw,CVS.png,Salad
Better Than Potato Salad,Duped mostly fruit salads_001.png,Salad
Lemon Rice Salad,Duped mostly fruit salads_003.png,Salad
Grandma's Gelatin Fruit Salad,Duped mostly fruit salads_005.png,Salad
Seven Fruit Salad,Duped mostly fruit salads_007.png,Salad
Frozen Cranberry Banana Salad,Duped mostly fruit salads_009.png,Salad
Raspberry Gelatin Ring,Duped mostly fruit salads_011.png,Salad
Picnic Rice Salad,Duped mostly fruit salads_013.png,Salad
Peachy Applesauce Mold,Duped salad_001.png,Salad
Oriental Delight Salad,Duped salad_003.png,Salad
Tomato Aspic Salad,Duped salad_006.png,Salad
Hawaiian Salad,Duped salad_008.png,Salad
Copper Pennies,Duped salad_010.png,Salad
Frozen Pink Champagne Salad,Duped salad_012.png,Salad
Instant Fruit Salad,Duped salad_014.png,Salad
Holiday Ribbon Gelatin,Duped salad_016.png,Salad
Chilled Rice Salad,Duped salad_020.png,Salad
Pasta Salad,RECIPE CS note card10132023133237_001.png,Salad
South Of The Border Salad,RECIPE CS note card10132023133237_002.png,Salad
Fluffy Fruit Salad,RECIPE CS note card10132023133237_003.png,Salad
Springtime Pasta Salad,RECIPE CS note card10132023133237_004.png,Salad
Cucumber And Avocado Salad,RECIPE CS note card10132023133237_005.png,Salad
Raspberry Jell-O With Sour Cream And Marshmallows,RECIPE CS note card10132023133237_007.png,Salad
Oriental Style Orange Slaw,RECIPE CS note card10132023133238_001.png,Salad
Festive Cranberry Salad,RECIPE CS note card10132023133238_002.png,Salad
Layered Jell-O Salad,RECIPE CS note card10132023133238_003.png,Salad
Cranberry Salad,RECIPE CS note card10132023133238_004.png,Salad
Cinnamon Candy Salad,RECIPE FECW mostly fruit salads_015.png,Salad
Frozen Salad,RECIPE FECW mostly fruit salads_016.png,Salad
Fruit Salad,RECIPE FECW salad_005.png,Salad
Overnight Salad For Eight,RECIPE FECW salad_024.png,Salad
Fruit Salad (2),RECIPE FECW salad_025.png,Salad
Cookie Salad,RECIPE FECW salad_026.png,Salad
Frozen Jell-O Ice Cream Salad,RECIPE FECW salad_027.png,Salad
Fruit Salad (3),RECIPE FECW salad_028.png,Salad
Pineapple Cheese Salad,RECIPE FECW salad_029.png,Salad
Cranberry Jell-O Salad,RECIPE FECW salad_030.png,Salad
Jell-O Salad,RECIPE FECW salad_031.png,Salad
Reunion Salad,RECIPE FECW salad_033.png,Salad
Shell Macaroni,RECIPE FECW salad_035.png,Salad
Pineapple Cheese Salad (2),RECIPE FECW salad_036.png,Salad
Taco Salad For A Brunch,RECIPE FECW salad_037.png,Salad
Macaroni Salad,RECIPE FECW salad_038.png,Salad
Three Salad Recipes,RECIPE FECW salad_039.png,Salad
Rainbow Pasta Salad,RECIPE FECW salad_040.png,Salad
Sweet Potato Salad,RECIPE FECW salad_041.png,Salad
Lemon Couscous Salad,RECIPE FECW salad_042.png,Salad
Bean Salad,RECIPE FECW salad_043.png,Salad
Tuna Pasta Salad,RECIPE FECW salad_044.png,Salad
Tomato Bean Salad,RECIPE FECW salad_045.png,Salad
Italian Tuna Walnut Toss,RECIPE FECW salad_046.png,Salad
Fruit Salad Supreme,RECIPE FECW salad_047.png,Salad
Hidden Treasure Strawberry Salad,RECIPE FECW salad_048.png,Salad
Warm Tomato-Potato Salad,RECIPE FECW salad_049.png,Salad
Zucchini Apple Slaw,RECIPE FECW salad_051.png,Salad
Nutty Tuna Salad Pitas,RECIPE FECW salad_052.png,Salad
Sauerkraut Salad,RECIPE FECW salad_053.png,Salad
Creamy Crunchy Tuna Walnut Salad,RECIPE FECW salad_054.png,Salad
Vegetable Salad,RECIPE FECW salad_055.png,Salad
Swanson Garden Chicken Salad,RECIPE FECW salad_056.png,Salad
Finger Jell-O,RECIPE FECW salad_057.png,Salad
Jell-O Salad (2),sINGLE salad_023.png,Salad
Jell-O Salad Supreme,sINGLE salad_023.png,Salad
Egg Salad Peters,Duped sandwich_001.png,Sandwiches
Toasted Turkey Sandwiches,RECIPE FECW sandwich_003.png,Sandwiches
Olive Beef Sandwich,RECIPE FECW sandwich_004.png,Sandwiches
Beef And Cheese Wraps,RECIPE FECW sandwich_005.png,Sandwiches
Cheese Soup,Duped aSoups_001.png,Soups
Cheesy Potato Soup,Duped aSoups_003.png,Soups
Minestrone Soup,Duped aSoups_005.png,Soups
Potato Soup,Duped aSoups_007.png,Soups
Broccoli Cheese Soup,Duped aSoups_009.png,Soups
Tomato Soup,Duped Soups_002.png,Soups
Cheddar Vegetable Chowder,Duped Soups_004.png,Soups
Cheese Soup (2),RECIPE FECW soups_001.png,Soups
Corn Cheese Chowder,RECIPE FECW soups_002.png,Soups
Savory Chicken Stew,RECIPE FECW soups_003.png,Soups
Lentil And Beef Stew,RECIPE FECW soups_004.png,Soups
Creamy Cauliflower Soup,RECIPE FECW soups_005.png,Soups
Crab Soup,RECIPE FECW soups_006.png,Soups
Potato Cheese Soup,RECIPE FECW soups_007.png,Soups
Butter Bean Soup,RECIPE FECW soups_008.png,Soups
Baasque Vegetabile Chowder,RECIPE FECW soups_009.png,Soups
Sausage And White Bean Soup,RECIPE FECW soups_010.png,Soups
Hearty Chicken And Rice Soup,RECIPE FECW soups_011.png,Soups
Garbanzo Bean Soup,RECIPE FECW soups_012.png,Soups
Christmas Crab Soup,RECIPE FECW soups_013.png,Soups
Baked Potato Soup,RECIPE FECW soups_014.png,Soups
Son-Of-A-Gun Stew,RECIPE FECW soups_015.png,Soups
Priscilla'S Vegetable Chowder,RECIPE FECW soups_016.png,Soups
Lentil Soup,RECIPE FECW soups_017.png,Soups
Beef Chowder With Bacon,RECIPE FECW soups_018.png,Soups
Corn And Frank Chowder,RECIPE FECW soups_019.png,Soups
Four Soups From Homemaking,RECIPE FECW soups_020.png,Soups
Olive Garden Toscana Soup,RECIPE FECW soups_021.png,Soups
Southwestern Stew,RECIPE FECW soups_022.png,Soups
Cauliflower Ham Chowder,RECIPE FECW soups_023.png,Soups
Crab Chowder Supreme,RECIPE FECW soups_024.png,Soups
Oven Stew,XX Soups_011.png,Soups
Potato Soup (2),XX Soups_012.png,Soups
Taco Soup,XX Soups_013.png,Soups
Sausage Green Chowder,XX Soups_014.png,Soups
Ground Beef Soup,XX Soups_016.png,Soups
Sausage Bean Soup,XX Soups_018.png,Soups
Cider Beef Stew,XX Soups_020.png,Soups
Party Potatoes,XX Soups_022.png,Soups
Celery Potato Chowder,XX Soups_024.png,Soups
Potato And Cabbage Soup,XX Soups_026.png,Soups
Hearty Garlic Potato Soup,XX Soups_028.png,Soups
Cabbage Patch Stew,XX Soups_030.png,Soups
Garden Chowder,XX Soups_032.png,Soups
Easy Sausage Chowder,XX Soups_034.png,Soups
Hearty Cauliflower Soup,XX Soups_036.png,Soups
Cabbage Patch Soup,XX Soups_038.png,Soups
Spicy Potato Soup,XX Soups_039.png,Soups
Cheesy Vegetable Bake,Duped vegetables_001.png,Vegetables
Cabbage Beef Casserole,Duped vegetables_003.png,Vegetables
Mom's Stuffed Peppers,Duped vegetables_005.png,Vegetables
Cheesy Zucchini Saute,Duped vegetables_007.png,Vegetables
Zucchini Santa Fe,Duped vegetables_009.png,Vegetables
Calico Squash Casserole,Duped vegetables_011.png,Vegetables
Italian Zucchini Casserole,Duped vegetables_013.png,Vegetables
Creamed Cucumbers,Duped vegetables_015.png,Vegetables
Curried Beef-Stuffed Squash,Duped vegetables_017.png,Vegetables
Parmesan Onion Bake,Duped vegetables_019.png,Vegetables
Vegetable And Stuffing Bake,Duped vegetables_021.png,Vegetables
Creamed Cauliflower,Duped vegetables_025.png,Vegetables
Cabbage Tomato Pasta Toss,Duped vegetables_027.png,Vegetables
Zucchini Supreme,Duped vegetables_029.png,Vegetables
Potato Stuffing Casserole,Duped vegetables_031.png,Vegetables
Potato Spinach Casserole,Duped vegetables_033.png,Vegetables
Cucumbers With Dressing,Duped vegetables_035.png,Vegetables
Potatoes Squash Casserole,Duped vegetables_037.png,Vegetables
Cauliflower Au Gratin (2),Duped vegetables_041.png,Vegetables
Butternut Squash Bake,Duped vegetables_043.png,Vegetables
Cauliflower Ham Casserole,Duped vegetables_045.png,Vegetables
Colorful Veggie Bake,Duped vegetables_047.png,Vegetables
Iowa Corn Casserole,Duped vegetables_049.png,Vegetables
Garden Stuffed Baked Potatoes,Duped vegetables_051.png,Vegetables
Au Gratin Potatoes,Duped vegetables_107.png,Vegetables
Green Beans Cream Style,RECIPE FECW vegetables_053.png,Vegetables
Cabbage With Bacon And Dill,RECIPE FECW vegetables_054.png,Vegetables
Zucchini Peach Casserole,RECIPE FECW vegetables_055.png,Vegetables
Grandpa'S Party Potatoes,RECIPE FECW vegetables_057.png,Vegetables
Spaghetti Squash Salad,RECIPE FECW vegetables_058.png,Vegetables
Tomato Crouton Casserole,RECIPE FECW vegetables_059.png,Vegetables
Colorful Vegetable Casserole,RECIPE FECW vegetables_060.png,Vegetables
Zucchini Pancakes,RECIPE FECW vegetables_061.png,Vegetables
Cheddar Cabbage Casserole,RECIPE FECW vegetables_062.png,Vegetables
Onions Au Gratin,RECIPE FECW vegetables_063.png,Vegetables
Cucumbers In Cream,RECIPE FECW vegetables_064.png,Vegetables
Creamy Squash Casserole,RECIPE FECW vegetables_065.png,Vegetables
Potato Salad,RECIPE FECW vegetables_066.png,Vegetables
Mashed Potatoes,RECIPE FECW vegetables_067.png,Vegetables
Asparagus Smoked Gouda And Ham Melt,RECIPE FECW vegetables_068.png,Vegetables
Lemony Parsley Carrots,RECIPE FECW vegetables_069.png,Vegetables
Taco Stuffed Tomatoes,RECIPE FECW vegetables_070.png,Vegetables
Taco Tater Rockets,RECIPE FECW vegetables_071.png,Vegetables
Luminous Lemon Pepper Potatoes,RECIPE FECW vegetables_072.png,Vegetables
Marinated Vegetable And Pasta Salad,RECIPE FECW vegetables_073.png,Vegetables
Creamy Mashed Potato Bake,RECIPE FECW vegetables_074.png,Vegetables
Spaghetti Squash With Vegetables,RECIPE FECW vegetables_075.png,Vegetables
Two Zucchini Bakes,RECIPE FECW vegetables_076.png,Vegetables
Green Bean Casserole,RECIPE FECW vegetables_077.png,Vegetables
"""Bingo"" Zucchini Casserole",RECIPE FECW vegetables_078.png,Vegetables
Zucchini Corn Medley,RECIPE FECW vegetables_079.png,Vegetables
Zucchini Frittata,RECIPE FECW vegetables_080.png,Vegetables
Colcannon-Style Potatoes,RECIPE FECW vegetables_081.png,Vegetables
Potato And Broccoli Supreme,RECIPE FECW vegetables_082.png,Vegetables
Chili Mashed Potatoes,RECIPE FECW vegetables_083.png,Vegetables
Green Bean Casserole (2),RECIPE FECW vegetables_084.png,Vegetables
Two Potato Dishes,RECIPE FECW vegetables_085.png,Vegetables
Sausage And Apple-Stuffed Zucchini,RECIPE FECW vegetables_086.png,Vegetables
Broccoli Cheese Casserole With Crunch,RECIPE FECW vegetables_087.png,Vegetables
Company Summer Zucchini,RECIPE FECW vegetables_088.png,Vegetables
Jojos Potatoes,RECIPE FECW vegetables_089.png,Vegetables
Maple Potatoes,RECIPE FECW vegetables_090.png,Vegetables
Zucchini Casserole,RECIPE FECW vegetables_091.png,Vegetables
Vegetable Medley,RECIPE FECW vegetables_092.png,Vegetables
Heartland Been Bake,RECIPE FECW vegetables_093.png,Vegetables
Summer Squash Casserole,RECIPE FECW vegetables_094.png,Vegetables
Sweet Potato Maple Mash,RECIPE FECW vegetables_095.png,Vegetables
Summer Squash Casserole (2),RECIPE FECW vegetables_096.png,Vegetables
Company Summer Zucchini (2),RECIPE FECW vegetables_097.png,Vegetables
Zesty Carrot Bake,RECIPE FECW vegetables_098.png,Vegetables
Squash And Potatoes,RECIPE FECW vegetables_099.png,Vegetables
Acorn Cabbage Bake,RECIPE FECW vegetables_100.png,Vegetables
Skillet Cabbage,RECIPE FECW vegetables_101.png,Vegetables
Winter Vegetable Chili,RECIPE FECW vegetables_103.png,Vegetables
Zucchini'N Rice Bake,RECIPE FECW vegetables_104.png,Vegetables
Spaghetti Squash Two Ways,RECIPE FECW vegetables_105.png,Vegetables
Cauliflower Au Gratin,RECIPE FECW vegetables_106.png,Vegetables
Sloppy Joes,Sloppy Joes.png,Sandwiches
Tater-Tot and Hamburger Casserole,Tater-Tot and Hamburger Casserole.jpg,Casseroles
Orange Refrigerator Cake,Orange Refrigerator Cake.jpg,Cakes
